Employee_ID,Last_Working_Date,Reason_For_Leaving
37549,25-08-2025,Unknown
29197,28-05-2024,Unknown
10260,29-11-2018,Personal Reasons
4533,18-07-2021,Personal Reasons
40281,20-11-2023,Unknown
46212,08-11-2024,Relocation
47384,06-03-2021,Retirement
34619,13-06-2023,Relocation
28796,12-06-2019,Unknown
6672,16-10-2023,Better Opportunity
14476,10-08-2025,Relocation
24366,16-02-2023,Unknown
29439,21-08-2024,Relocation
48723,07-07-2021,Unknown
36437,27-03-2024,Personal Reasons
44190,14-11-2022,Better Opportunity
40667,15-01-2021,Relocation
20671,02-09-2025,Relocation
33073,22-08-2021,Better Opportunity
30246,15-04-2023,Relocation
43585,04-08-2022,Relocation
44923,24-10-2022,Better Opportunity
24193,09-10-2019,Retirement
19364,20-03-2025,Better Opportunity
48844,29-10-2017,Unknown
49594,09-11-2021,Retirement
2062,14-09-2024,Unknown
9024,13-07-2018,Unknown
46388,04-04-2021,Relocation
45553,11-05-2024,Retirement
42977,18-06-2025,Unknown
8227,17-03-2023,Retirement
39129,10-10-2025,Personal Reasons
24767,09-10-2025,Relocation
35290,25-09-2025,Better Opportunity
36662,06-10-2023,Personal Reasons
2179,29-03-2021,Better Opportunity
48372,21-03-2022,Better Opportunity
10724,20-04-2025,Retirement
27385,07-09-2016,Better Opportunity
41744,12-05-2023,Better Opportunity
27735,13-10-2023,Better Opportunity
32804,04-01-2020,Personal Reasons
34853,29-01-2025,Unknown
43665,19-05-2022,Better Opportunity
19014,16-12-2018,Retirement
19498,06-04-2024,Retirement
4483,07-07-2025,Relocation
46490,21-01-2025,Unknown
9067,02-04-2024,Retirement
12039,06-07-2021,Better Opportunity
48872,18-06-2025,Relocation
36912,08-05-2023,Personal Reasons
38758,08-04-2024,Retirement
34026,05-09-2022,Relocation
16311,30-06-2020,Better Opportunity
43710,22-11-2020,Unknown
34896,11-02-2024,Relocation
38794,08-09-2024,Unknown
6733,26-03-2025,Personal Reasons
30372,22-12-2021,Relocation
7651,17-12-2024,Unknown
17248,19-05-2023,Unknown
40203,08-04-2020,Relocation
22989,08-08-2025,Personal Reasons
40348,04-05-2025,Relocation
12481,14-05-2025,Unknown
49135,01-03-2024,Better Opportunity
27950,19-03-2021,Better Opportunity
6938,28-03-2024,Unknown
40294,21-01-2025,Better Opportunity
37383,01-02-2024,Unknown
22110,23-07-2025,Unknown
2389,11-05-2025,Personal Reasons
29509,14-06-2019,Relocation
20091,27-07-2020,Unknown
3086,21-09-2017,Unknown
23332,06-05-2025,Personal Reasons
37499,01-04-2024,Personal Reasons
35408,30-01-2025,Better Opportunity
45771,29-01-2018,Personal Reasons
47920,15-04-2020,Better Opportunity
37005,16-09-2025,Relocation
42096,27-09-2021,Relocation
145,01-12-2024,Personal Reasons
36568,25-12-2024,Better Opportunity
17303,14-01-2025,Retirement
37297,02-10-2025,Retirement
36616,01-05-2025,Personal Reasons
15650,27-07-2025,Personal Reasons
14378,04-09-2025,Personal Reasons
20994,15-08-2021,Retirement
49150,17-01-2023,Better Opportunity
22685,15-07-2024,Better Opportunity
25714,11-12-2024,Unknown
46319,05-06-2019,Better Opportunity
27815,31-03-2022,Retirement
42021,03-09-2020,Personal Reasons
2465,01-09-2025,Better Opportunity
32932,18-06-2022,Retirement
36580,28-08-2023,Better Opportunity
29045,07-04-2019,Personal Reasons
29741,29-12-2024,Unknown
19362,27-06-2025,Retirement
43317,09-09-2024,Better Opportunity
33986,14-08-2025,Retirement
9136,02-05-2024,Retirement
17204,09-09-2025,Personal Reasons
25842,15-12-2022,Relocation
2548,05-02-2025,Better Opportunity
30319,16-02-2025,Personal Reasons
17950,17-03-2017,Better Opportunity
14097,06-10-2025,Relocation
39228,12-08-2025,Unknown
11838,08-12-2024,Relocation
25732,18-04-2020,Retirement
48735,16-02-2022,Personal Reasons
34866,16-03-2025,Better Opportunity
27397,12-03-2021,Personal Reasons
2482,25-07-2024,Relocation
18751,21-02-2019,Better Opportunity
31163,14-11-2021,Better Opportunity
29827,28-11-2023,Better Opportunity
20469,17-07-2022,Better Opportunity
8027,09-05-2022,Unknown
44850,03-10-2023,Relocation
291,24-11-2018,Retirement
48648,19-01-2021,Unknown
27845,08-02-2024,Retirement
43498,26-07-2024,Retirement
45706,26-01-2019,Retirement
41720,16-07-2025,Relocation
5003,07-07-2025,Better Opportunity
48557,04-12-2024,Unknown
19977,24-01-2022,Unknown
36198,16-09-2020,Relocation
11194,03-04-2025,Personal Reasons
36441,04-07-2019,Better Opportunity
15390,10-09-2025,Relocation
34946,02-10-2025,Better Opportunity
36518,25-08-2023,Unknown
23080,24-07-2022,Relocation
39739,02-12-2019,Better Opportunity
31518,08-10-2025,Retirement
49068,01-04-2025,Retirement
44004,10-09-2024,Relocation
6946,02-12-2018,Personal Reasons
3340,30-05-2018,Personal Reasons
12676,30-06-2025,Unknown
44583,24-02-2024,Unknown
30770,12-09-2025,Relocation
27940,24-05-2025,Retirement
24754,13-10-2017,Unknown
37617,23-01-2024,Better Opportunity
41545,20-07-2018,Relocation
22084,03-02-2025,Unknown
43215,12-05-2025,Unknown
7519,03-02-2023,Retirement
8556,17-07-2025,Better Opportunity
6927,02-09-2025,Relocation
35649,20-07-2021,Relocation
17275,19-06-2023,Retirement
2528,23-08-2025,Retirement
19502,26-08-2020,Better Opportunity
40354,30-06-2021,Retirement
31412,11-12-2017,Personal Reasons
32357,30-10-2022,Personal Reasons
12540,16-12-2022,Personal Reasons
32629,04-09-2023,Personal Reasons
29718,12-07-2024,Relocation
45544,17-09-2024,Relocation
11385,16-01-2025,Relocation
10874,03-09-2020,Unknown
2858,13-01-2021,Better Opportunity
46914,02-06-2022,Relocation
958,20-04-2023,Unknown
13,28-02-2019,Unknown
7873,25-12-2024,Relocation
33042,01-11-2023,Better Opportunity
6416,03-10-2023,Personal Reasons
973,21-06-2020,Better Opportunity
3118,29-09-2024,Retirement
36361,23-02-2022,Personal Reasons
24254,13-08-2023,Unknown
9908,05-01-2025,Relocation
40834,01-10-2023,Retirement
17420,04-10-2025,Unknown
6974,08-09-2022,Relocation
32240,19-03-2019,Unknown
32693,26-10-2024,Personal Reasons
10123,10-04-2019,Better Opportunity
14603,09-05-2022,Personal Reasons
3011,04-01-2019,Unknown
45280,15-02-2018,Retirement
28417,18-05-2025,Better Opportunity
28592,17-04-2025,Personal Reasons
7382,04-06-2025,Retirement
48343,21-07-2023,Personal Reasons
47720,11-07-2025,Personal Reasons
34511,09-07-2025,Personal Reasons
4665,09-01-2025,Better Opportunity
17028,30-09-2025,Relocation
8828,10-07-2020,Better Opportunity
5311,01-03-2025,Retirement
12232,07-02-2025,Personal Reasons
35232,11-08-2018,Relocation
11271,22-08-2025,Retirement
35937,18-02-2023,Retirement
29090,24-07-2023,Better Opportunity
31292,13-05-2024,Better Opportunity
35961,12-02-2025,Retirement
5743,14-07-2025,Unknown
6010,13-06-2024,Retirement
34037,07-05-2025,Personal Reasons
10167,16-07-2024,Personal Reasons
17502,24-07-2021,Better Opportunity
7924,17-09-2024,Better Opportunity
42865,03-02-2022,Better Opportunity
31772,04-08-2024,Retirement
40022,14-04-2018,Unknown
40670,25-04-2023,Unknown
14989,19-05-2019,Relocation
39593,03-07-2024,Relocation
34751,16-01-2022,Personal Reasons
30509,22-01-2024,Unknown
29617,11-09-2025,Relocation
3744,17-07-2021,Retirement
14294,27-07-2023,Retirement
10353,02-01-2023,Unknown
3443,07-02-2025,Personal Reasons
42939,22-06-2023,Personal Reasons
29245,02-11-2023,Unknown
37605,15-02-2019,Better Opportunity
9855,30-10-2022,Better Opportunity
24145,11-06-2023,Better Opportunity
7253,21-06-2025,Unknown
40505,06-01-2024,Retirement
19640,23-10-2022,Retirement
49568,09-01-2025,Relocation
9595,19-03-2021,Better Opportunity
4370,14-02-2020,Personal Reasons
3223,18-06-2024,Unknown
18943,16-05-2023,Better Opportunity
49938,10-08-2025,Better Opportunity
27585,24-12-2022,Unknown
40430,23-04-2025,Unknown
26925,31-08-2022,Unknown
5176,08-10-2023,Relocation
45926,11-02-2025,Retirement
12650,21-02-2025,Relocation
47547,08-11-2024,Better Opportunity
17497,10-08-2022,Personal Reasons
4499,06-01-2024,Retirement
46687,23-07-2020,Better Opportunity
8888,04-07-2025,Personal Reasons
11384,29-08-2023,Unknown
7816,29-04-2024,Unknown
32386,12-05-2023,Personal Reasons
10245,05-07-2022,Better Opportunity
9528,27-12-2023,Retirement
1766,13-06-2022,Relocation
41542,22-04-2025,Retirement
3630,31-08-2022,Better Opportunity
28706,28-04-2021,Personal Reasons
11775,20-03-2023,Better Opportunity
49006,20-07-2019,Better Opportunity
44769,28-12-2020,Better Opportunity
49075,04-08-2024,Better Opportunity
9619,02-10-2023,Better Opportunity
26167,07-12-2024,Unknown
17832,24-11-2022,Relocation
14124,21-07-2024,Relocation
17613,30-04-2025,Better Opportunity
47624,30-08-2025,Personal Reasons
47763,15-11-2024,Personal Reasons
19548,03-12-2024,Better Opportunity
10045,05-04-2025,Retirement
39550,02-05-2024,Personal Reasons
47586,22-08-2025,Unknown
2626,20-09-2025,Unknown
40049,15-01-2025,Better Opportunity
16000,06-08-2025,Better Opportunity
39911,08-09-2023,Retirement
46132,20-07-2018,Unknown
47347,04-05-2020,Personal Reasons
43972,06-10-2025,Relocation
26570,09-05-2025,Retirement
31973,24-06-2022,Personal Reasons
44170,02-05-2025,Better Opportunity
21228,26-10-2022,Unknown
3216,17-11-2022,Retirement
48476,13-11-2022,Retirement
31009,03-04-2024,Unknown
17919,21-03-2025,Retirement
10369,28-09-2025,Relocation
41401,06-09-2018,Retirement
43400,08-07-2024,Better Opportunity
7372,21-09-2025,Relocation
8978,08-11-2023,Personal Reasons
22086,25-06-2025,Unknown
9635,21-09-2025,Personal Reasons
7978,28-04-2019,Better Opportunity
21962,29-01-2021,Personal Reasons
37115,15-03-2025,Unknown
38900,26-11-2024,Relocation
33385,26-05-2025,Personal Reasons
25448,15-04-2020,Better Opportunity
19880,25-09-2025,Personal Reasons
42774,15-08-2024,Retirement
36701,28-03-2025,Relocation
21269,07-10-2024,Personal Reasons
1473,16-03-2021,Relocation
25061,29-04-2024,Retirement
13191,22-06-2025,Relocation
18799,12-05-2021,Relocation
22122,14-10-2024,Unknown
36694,17-06-2025,Better Opportunity
38018,16-05-2024,Retirement
21751,15-10-2024,Retirement
27620,06-06-2024,Better Opportunity
16867,14-02-2021,Relocation
45492,04-07-2023,Better Opportunity
44338,24-08-2024,Retirement
27684,17-10-2021,Personal Reasons
42402,13-08-2025,Relocation
17101,25-04-2023,Retirement
19768,02-05-2024,Retirement
45310,29-11-2021,Relocation
37687,06-07-2022,Relocation
18556,02-06-2022,Retirement
4553,05-07-2025,Retirement
2405,03-02-2024,Retirement
7299,29-05-2020,Unknown
8205,10-05-2025,Retirement
31739,05-01-2021,Personal Reasons
49798,15-08-2025,Relocation
30870,19-07-2025,Relocation
20052,12-10-2025,Retirement
10015,04-10-2023,Better Opportunity
43098,15-01-2025,Unknown
43922,18-06-2025,Relocation
23953,22-11-2024,Retirement
26346,23-11-2023,Better Opportunity
41629,05-12-2019,Retirement
29951,26-03-2023,Unknown
6332,09-01-2021,Retirement
12037,07-01-2023,Personal Reasons
15215,24-08-2024,Retirement
26127,22-04-2024,Personal Reasons
1565,29-04-2025,Personal Reasons
47651,26-02-2024,Relocation
23634,13-08-2024,Relocation
33897,29-03-2025,Personal Reasons
38499,15-07-2024,Unknown
30794,09-04-2020,Personal Reasons
11653,22-01-2020,Relocation
20534,23-05-2025,Unknown
21483,30-08-2024,Better Opportunity
30361,25-02-2025,Personal Reasons
15901,01-02-2025,Personal Reasons
39802,07-10-2025,Relocation
46251,06-10-2025,Personal Reasons
43514,20-08-2020,Better Opportunity
13183,28-03-2024,Better Opportunity
33399,01-04-2023,Better Opportunity
40119,02-10-2020,Retirement
852,31-08-2018,Relocation
45034,20-02-2025,Relocation
42526,11-04-2025,Retirement
11042,19-07-2024,Retirement
42913,24-03-2024,Relocation
36948,23-02-2022,Retirement
3281,03-08-2025,Personal Reasons
30572,04-09-2022,Better Opportunity
21950,11-05-2021,Better Opportunity
30594,14-02-2023,Personal Reasons
12288,25-07-2020,Unknown
30275,19-06-2024,Personal Reasons
46717,21-05-2022,Retirement
34311,09-03-2023,Retirement
1135,19-10-2018,Better Opportunity
2052,13-06-2025,Relocation
12653,07-08-2024,Retirement
4739,22-06-2025,Retirement
39924,25-01-2022,Relocation
5778,16-11-2018,Personal Reasons
32554,23-06-2025,Retirement
20276,09-02-2025,Relocation
12984,17-04-2023,Relocation
26114,15-05-2025,Unknown
22836,09-07-2024,Unknown
6317,24-03-2020,Retirement
10778,11-10-2024,Retirement
43849,05-07-2025,Unknown
47706,06-02-2020,Unknown
29377,18-01-2025,Unknown
27883,09-04-2025,Relocation
5387,05-06-2025,Better Opportunity
17385,08-07-2023,Better Opportunity
26657,14-03-2025,Retirement
41876,08-02-2022,Unknown
28500,23-04-2022,Retirement
26629,27-01-2025,Unknown
35192,05-10-2023,Personal Reasons
3995,30-05-2025,Better Opportunity
19991,06-10-2025,Better Opportunity
36553,08-09-2025,Better Opportunity
40999,12-03-2025,Better Opportunity
27481,26-05-2024,Personal Reasons
32959,14-01-2017,Personal Reasons
40713,01-07-2019,Relocation
12213,27-05-2022,Relocation
15003,08-04-2025,Relocation
13027,06-05-2025,Retirement
8633,11-01-2025,Personal Reasons
25774,05-01-2018,Unknown
25875,27-12-2023,Better Opportunity
46070,29-07-2025,Retirement
42578,14-05-2025,Relocation
25099,30-08-2023,Relocation
23839,20-05-2024,Unknown
33649,15-07-2024,Personal Reasons
44134,31-08-2025,Better Opportunity
47343,06-12-2024,Retirement
26468,13-02-2023,Personal Reasons
16648,13-09-2024,Relocation
14590,27-01-2016,Relocation
40445,24-01-2024,Retirement
22382,30-05-2024,Better Opportunity
12634,16-07-2022,Relocation
29381,27-12-2019,Unknown
9804,13-08-2025,Personal Reasons
1187,25-09-2025,Retirement
9937,28-04-2024,Better Opportunity
14420,29-04-2021,Personal Reasons
19230,31-01-2022,Retirement
18384,17-03-2022,Relocation
34330,26-08-2020,Better Opportunity
11019,20-04-2024,Retirement
44825,31-08-2025,Relocation
20930,31-08-2025,Retirement
33240,03-04-2024,Personal Reasons
31573,29-03-2020,Unknown
15050,25-12-2023,Personal Reasons
34292,18-05-2025,Retirement
4200,23-01-2025,Unknown
11071,10-07-2025,Better Opportunity
2431,09-05-2024,Relocation
1961,30-07-2025,Better Opportunity
44221,21-02-2025,Better Opportunity
45925,28-09-2025,Retirement
14306,17-09-2025,Relocation
7778,19-05-2025,Retirement
39658,11-06-2017,Unknown
20139,25-03-2025,Unknown
4105,30-12-2019,Unknown
14148,19-05-2021,Better Opportunity
11714,16-08-2025,Retirement
40143,24-01-2023,Unknown
26529,15-06-2024,Better Opportunity
9493,31-10-2022,Better Opportunity
14388,12-03-2025,Relocation
34283,11-08-2019,Personal Reasons
28122,17-09-2024,Retirement
9715,04-04-2025,Personal Reasons
31575,06-11-2021,Relocation
34595,06-11-2024,Personal Reasons
26349,01-06-2022,Unknown
9936,01-03-2019,Unknown
32537,08-03-2025,Unknown
47733,05-10-2025,Unknown
37382,20-01-2025,Unknown
31800,15-05-2024,Better Opportunity
12888,21-02-2024,Retirement
9066,01-09-2025,Better Opportunity
10569,03-11-2024,Retirement
40218,07-03-2024,Personal Reasons
30913,14-02-2023,Better Opportunity
43086,27-06-2025,Retirement
32118,23-04-2021,Relocation
35721,13-05-2025,Personal Reasons
47966,12-10-2025,Personal Reasons
36321,21-01-2022,Personal Reasons
12473,28-11-2023,Retirement
10825,19-12-2021,Retirement
10970,29-05-2025,Relocation
35968,24-05-2021,Relocation
40530,08-07-2020,Personal Reasons
22328,13-10-2023,Relocation
30809,26-02-2025,Personal Reasons
19440,01-05-2019,Better Opportunity
27334,01-12-2024,Personal Reasons
43237,26-05-2024,Retirement
37328,15-04-2025,Retirement
13559,12-08-2024,Relocation
49165,04-11-2019,Personal Reasons
32595,11-03-2025,Unknown
21855,23-01-2022,Retirement
21393,04-07-2024,Retirement
18857,05-02-2025,Better Opportunity
47131,13-07-2024,Unknown
37100,28-12-2019,Unknown
20834,20-08-2020,Better Opportunity
21611,24-02-2022,Unknown
13239,29-08-2025,Unknown
7611,07-11-2022,Better Opportunity
43489,05-03-2024,Unknown
10217,11-12-2024,Personal Reasons
28279,27-08-2022,Personal Reasons
45493,04-07-2020,Unknown
22407,05-11-2024,Retirement
44670,03-04-2023,Personal Reasons
15309,01-10-2025,Unknown
36732,05-01-2024,Relocation
10882,24-07-2020,Relocation
21522,22-06-2019,Personal Reasons
34831,28-01-2025,Relocation
8110,05-10-2025,Relocation
19158,10-07-2025,Retirement
35707,16-09-2019,Relocation
46259,04-09-2025,Relocation
38010,12-08-2025,Unknown
41762,09-01-2025,Relocation
28382,03-12-2023,Retirement
40080,22-09-2023,Unknown
42112,17-07-2025,Retirement
11119,26-09-2024,Personal Reasons
942,10-08-2020,Personal Reasons
48771,12-10-2025,Unknown
1391,01-11-2022,Relocation
34894,07-09-2025,Retirement
31045,19-09-2023,Unknown
25281,25-05-2020,Better Opportunity
27834,28-04-2025,Retirement
11215,19-05-2024,Retirement
29879,27-08-2020,Personal Reasons
42587,27-04-2024,Personal Reasons
10129,14-05-2025,Personal Reasons
3747,13-08-2023,Unknown
27583,30-05-2022,Better Opportunity
13766,22-11-2024,Better Opportunity
28539,16-07-2025,Unknown
47480,06-09-2020,Relocation
28053,25-02-2021,Retirement
19411,08-09-2019,Personal Reasons
35300,08-09-2019,Retirement
33345,17-09-2025,Personal Reasons
43464,02-05-2025,Relocation
4681,15-01-2023,Personal Reasons
39439,30-01-2021,Retirement
34672,10-03-2021,Retirement
46252,03-09-2024,Unknown
239,05-10-2019,Unknown
41823,20-12-2019,Personal Reasons
7305,17-05-2024,Better Opportunity
16484,19-11-2022,Retirement
18887,03-09-2025,Better Opportunity
10716,29-08-2023,Better Opportunity
13858,08-10-2025,Better Opportunity
16114,02-10-2025,Unknown
41006,20-05-2025,Better Opportunity
12524,21-01-2025,Unknown
6603,14-05-2025,Unknown
17285,07-05-2023,Personal Reasons
45218,01-10-2022,Relocation
14522,26-04-2024,Unknown
5783,17-08-2025,Personal Reasons
34476,18-06-2025,Retirement
16826,04-10-2024,Retirement
11836,30-05-2020,Personal Reasons
49894,26-08-2025,Unknown
46410,22-04-2023,Personal Reasons
46147,20-08-2021,Unknown
14600,08-05-2023,Personal Reasons
13307,15-02-2019,Retirement
41364,04-02-2019,Retirement
46842,07-08-2021,Unknown
36636,06-03-2019,Unknown
25819,20-07-2025,Unknown
20559,12-10-2021,Retirement
1185,11-10-2024,Retirement
17273,04-07-2024,Personal Reasons
2148,03-04-2025,Relocation
32365,04-06-2025,Retirement
41618,08-02-2017,Better Opportunity
17733,27-08-2020,Better Opportunity
48798,27-08-2024,Relocation
25490,25-08-2024,Better Opportunity
43095,02-10-2025,Unknown
24681,04-07-2024,Unknown
17615,03-01-2025,Better Opportunity
40886,11-04-2023,Personal Reasons
33788,11-03-2025,Retirement
2298,08-07-2019,Better Opportunity
4828,19-07-2018,Better Opportunity
49845,06-02-2023,Retirement
33589,09-03-2025,Relocation
39684,18-03-2021,Personal Reasons
19508,07-10-2024,Better Opportunity
13859,10-03-2025,Relocation
22645,29-08-2021,Better Opportunity
15703,13-05-2025,Better Opportunity
1896,11-04-2025,Retirement
26700,02-06-2022,Personal Reasons
25593,23-04-2023,Retirement
29869,23-06-2023,Relocation
44576,15-01-2025,Personal Reasons
44440,10-05-2021,Unknown
6300,24-07-2025,Personal Reasons
3804,16-11-2019,Personal Reasons
2813,04-10-2025,Personal Reasons
16227,25-07-2018,Relocation
39612,12-02-2022,Relocation
44619,10-05-2025,Relocation
33646,12-09-2023,Retirement
6307,06-05-2017,Personal Reasons
1064,09-04-2023,Personal Reasons
22208,18-09-2025,Retirement
17221,12-04-2025,Relocation
18416,06-07-2025,Unknown
1986,29-09-2025,Unknown
29312,04-03-2022,Relocation
48386,13-04-2023,Personal Reasons
34655,05-11-2024,Better Opportunity
24227,16-02-2022,Relocation
46455,21-07-2019,Unknown
25282,16-02-2020,Better Opportunity
24649,10-08-2025,Relocation
49195,02-01-2025,Better Opportunity
3916,20-08-2025,Retirement
17953,22-04-2024,Unknown
44214,26-04-2025,Relocation
45877,07-05-2025,Personal Reasons
34698,10-06-2025,Personal Reasons
3330,21-08-2022,Personal Reasons
23599,08-05-2020,Unknown
17897,20-12-2024,Relocation
49406,19-07-2020,Retirement
25132,24-06-2025,Personal Reasons
24635,30-03-2021,Relocation
42261,27-11-2019,Retirement
44893,04-10-2025,Retirement
35397,11-12-2024,Retirement
1549,13-12-2023,Unknown
6379,08-07-2022,Retirement
25937,16-06-2019,Relocation
19167,20-05-2023,Personal Reasons
42727,24-10-2024,Retirement
35431,29-09-2023,Retirement
39557,05-05-2023,Better Opportunity
10150,06-09-2025,Relocation
32343,12-09-2023,Retirement
47717,27-04-2022,Unknown
32533,03-01-2025,Unknown
14094,04-01-2025,Personal Reasons
22144,24-01-2025,Better Opportunity
23530,19-06-2022,Unknown
23624,25-02-2024,Relocation
11992,04-04-2021,Personal Reasons
26862,26-05-2023,Unknown
15291,10-11-2023,Better Opportunity
25873,20-03-2025,Retirement
24526,21-12-2024,Retirement
24353,27-07-2024,Better Opportunity
1978,06-03-2022,Better Opportunity
29457,23-12-2021,Retirement
37222,09-08-2019,Unknown
3012,18-09-2025,Better Opportunity
32916,06-06-2023,Personal Reasons
41201,18-02-2023,Retirement
44523,24-03-2020,Relocation
27112,18-06-2025,Unknown
6732,11-10-2017,Better Opportunity
43346,11-03-2025,Retirement
5679,21-07-2023,Better Opportunity
44529,23-02-2024,Relocation
29400,28-09-2021,Better Opportunity
19090,25-08-2020,Relocation
8169,07-04-2025,Unknown
8451,01-03-2025,Retirement
23374,07-11-2023,Personal Reasons
46975,23-10-2023,Unknown
43494,28-08-2024,Unknown
4410,08-01-2025,Better Opportunity
43407,02-03-2025,Personal Reasons
17940,04-01-2024,Personal Reasons
16805,15-11-2021,Better Opportunity
16683,05-09-2016,Relocation
49029,08-01-2023,Relocation
29290,18-07-2025,Better Opportunity
26175,03-03-2021,Retirement
5966,26-02-2021,Relocation
34540,06-05-2024,Unknown
33902,28-01-2025,Personal Reasons
41601,09-04-2025,Better Opportunity
4374,22-07-2024,Retirement
39199,23-06-2017,Unknown
34584,04-08-2021,Unknown
39240,10-09-2025,Retirement
35376,10-02-2025,Better Opportunity
43917,16-03-2024,Unknown
18114,10-06-2023,Retirement
45274,07-02-2025,Relocation
21455,23-09-2019,Retirement
1136,27-07-2025,Personal Reasons
34199,29-03-2020,Relocation
28855,01-01-2024,Unknown
2593,02-10-2024,Unknown
43270,09-08-2023,Better Opportunity
24854,07-02-2018,Personal Reasons
11575,15-12-2024,Personal Reasons
31657,19-11-2024,Unknown
18193,27-10-2019,Better Opportunity
32683,10-03-2024,Better Opportunity
37664,19-06-2025,Unknown
2549,05-10-2024,Better Opportunity
26901,26-09-2025,Retirement
1354,17-03-2021,Personal Reasons
17644,27-12-2024,Better Opportunity
33405,31-07-2024,Unknown
18072,01-07-2018,Relocation
44716,02-12-2021,Relocation
36358,19-02-2022,Better Opportunity
2733,27-09-2025,Personal Reasons
33264,09-10-2025,Retirement
5825,26-09-2025,Better Opportunity
16727,08-03-2023,Better Opportunity
25750,28-09-2023,Retirement
4157,08-04-2022,Personal Reasons
28571,23-09-2024,Relocation
23869,06-08-2025,Retirement
21411,22-09-2023,Relocation
3028,26-12-2020,Personal Reasons
39054,08-12-2022,Personal Reasons
5449,08-03-2025,Retirement
1529,26-02-2023,Relocation
23772,11-10-2024,Relocation
6293,12-06-2024,Retirement
20787,15-09-2025,Unknown
38156,22-04-2023,Better Opportunity
1821,07-11-2020,Relocation
45653,30-07-2020,Retirement
35621,07-01-2024,Better Opportunity
17226,17-06-2025,Retirement
43792,12-07-2024,Better Opportunity
46959,12-02-2025,Retirement
45919,07-04-2023,Unknown
41980,05-06-2023,Unknown
19334,03-12-2024,Unknown
45642,04-05-2025,Better Opportunity
36995,12-10-2025,Better Opportunity
14447,25-04-2022,Retirement
11129,27-06-2023,Relocation
31689,08-01-2023,Better Opportunity
7402,31-03-2024,Relocation
29102,25-06-2019,Relocation
3048,25-12-2017,Retirement
45747,14-11-2024,Better Opportunity
44638,13-03-2024,Unknown
22634,24-07-2021,Personal Reasons
45632,31-07-2022,Relocation
46477,06-04-2020,Personal Reasons
2415,16-04-2021,Personal Reasons
17543,04-01-2024,Unknown
27733,12-06-2025,Personal Reasons
9600,01-05-2024,Better Opportunity
23403,25-08-2025,Unknown
10761,20-09-2024,Retirement
10321,05-09-2025,Retirement
36527,10-04-2024,Relocation
1660,02-12-2019,Relocation
49432,05-08-2023,Relocation
33031,28-01-2024,Personal Reasons
37568,10-02-2025,Personal Reasons
29631,01-03-2025,Relocation
33134,02-10-2024,Unknown
45290,30-07-2025,Unknown
1024,26-02-2020,Personal Reasons
2666,06-10-2025,Retirement
7289,20-10-2020,Personal Reasons
24938,08-08-2017,Unknown
25906,07-09-2019,Unknown
21211,20-06-2025,Personal Reasons
20412,18-12-2024,Relocation
18797,19-08-2023,Personal Reasons
20274,19-10-2023,Unknown
16088,28-10-2022,Relocation
4414,09-02-2024,Better Opportunity
36048,11-07-2024,Personal Reasons
19588,11-10-2025,Personal Reasons
33210,27-12-2024,Relocation
48957,23-11-2019,Retirement
6659,26-06-2023,Better Opportunity
2954,21-05-2025,Better Opportunity
31557,13-04-2021,Unknown
13640,25-07-2022,Unknown
33283,12-11-2020,Relocation
27983,08-09-2024,Relocation
17218,02-08-2024,Better Opportunity
24102,18-04-2024,Relocation
46873,26-12-2021,Better Opportunity
39002,29-06-2022,Retirement
10234,12-01-2024,Unknown
4780,05-10-2024,Retirement
18465,25-02-2025,Retirement
13228,14-07-2019,Better Opportunity
44197,23-11-2020,Retirement
36513,03-08-2025,Better Opportunity
49916,09-03-2022,Better Opportunity
1819,28-07-2016,Personal Reasons
883,21-03-2023,Better Opportunity
49337,26-03-2024,Relocation
24481,27-06-2021,Better Opportunity
33644,11-11-2024,Personal Reasons
35604,25-05-2023,Retirement
22913,24-09-2024,Unknown
13893,04-04-2024,Personal Reasons
20482,12-01-2024,Personal Reasons
4329,11-12-2020,Relocation
36142,25-02-2025,Retirement
45118,19-07-2025,Better Opportunity
41541,01-06-2021,Unknown
23055,12-12-2024,Unknown
31536,01-10-2025,Personal Reasons
36917,18-10-2024,Personal Reasons
34196,17-08-2025,Personal Reasons
5504,12-01-2025,Better Opportunity
4827,30-08-2023,Unknown
23822,10-02-2022,Unknown
14503,21-10-2024,Personal Reasons
20862,13-04-2025,Unknown
35928,06-03-2022,Unknown
23901,23-03-2016,Relocation
22617,12-07-2022,Relocation
41327,02-10-2023,Retirement
22285,21-08-2024,Personal Reasons
35365,24-04-2024,Unknown
27342,18-07-2021,Relocation
35835,21-05-2025,Unknown
5316,14-10-2021,Unknown
3984,19-08-2025,Retirement
47698,01-11-2022,Unknown
14615,03-08-2025,Relocation
9166,25-07-2025,Retirement
26173,15-04-2023,Personal Reasons
20053,28-04-2025,Personal Reasons
16024,02-01-2024,Retirement
28686,17-07-2017,Personal Reasons
23875,06-10-2020,Unknown
9383,16-01-2020,Relocation
29870,15-09-2022,Personal Reasons
39457,13-08-2018,Relocation
34815,05-12-2022,Unknown
5690,09-06-2024,Unknown
31628,05-01-2025,Retirement
44072,18-03-2025,Relocation
42455,12-10-2025,Better Opportunity
11410,04-02-2023,Relocation
20642,24-02-2020,Better Opportunity
47514,04-03-2025,Retirement
44324,21-09-2022,Personal Reasons
3521,22-05-2022,Retirement
18152,31-07-2021,Personal Reasons
2717,22-02-2018,Unknown
43998,15-10-2022,Personal Reasons
12012,30-06-2025,Retirement
37201,26-06-2025,Unknown
14529,11-09-2019,Personal Reasons
24398,19-12-2020,Unknown
10865,22-09-2025,Better Opportunity
28302,02-10-2019,Personal Reasons
2101,28-05-2023,Personal Reasons
6198,09-09-2025,Unknown
38164,14-04-2021,Better Opportunity
16458,15-01-2024,Retirement
49712,28-12-2024,Better Opportunity
2499,30-07-2024,Unknown
30780,11-07-2021,Unknown
43208,05-10-2025,Unknown
34530,25-12-2019,Relocation
38590,19-01-2022,Relocation
3623,02-07-2020,Personal Reasons
46335,06-07-2018,Retirement
1244,14-12-2024,Personal Reasons
27076,28-11-2022,Retirement
25733,22-03-2024,Better Opportunity
45091,04-12-2017,Better Opportunity
7578,26-10-2022,Retirement
934,09-03-2020,Unknown
27936,09-09-2025,Better Opportunity
42427,19-08-2025,Personal Reasons
22755,23-07-2023,Relocation
29449,18-06-2019,Better Opportunity
21426,01-08-2023,Unknown
34401,18-06-2022,Better Opportunity
8642,11-12-2024,Unknown
46611,07-04-2025,Retirement
22560,01-06-2025,Retirement
33247,24-08-2020,Relocation
43658,22-07-2023,Retirement
8402,31-03-2020,Retirement
48004,13-07-2022,Retirement
44975,16-01-2025,Personal Reasons
4143,13-10-2021,Better Opportunity
17981,08-10-2025,Personal Reasons
20623,30-12-2024,Unknown
45999,20-11-2022,Personal Reasons
24387,28-02-2024,Relocation
29734,03-11-2024,Better Opportunity
32690,15-03-2025,Relocation
34643,25-09-2025,Relocation
5701,04-08-2023,Relocation
39347,08-07-2024,Personal Reasons
4210,17-06-2024,Personal Reasons
43375,12-10-2025,Unknown
11835,26-09-2025,Personal Reasons
17384,11-05-2021,Better Opportunity
32721,24-11-2022,Retirement
13069,24-04-2021,Relocation
32189,13-05-2025,Personal Reasons
2967,07-11-2024,Better Opportunity
2486,03-11-2024,Retirement
21539,04-01-2024,Unknown
3697,17-05-2019,Retirement
31507,08-10-2025,Retirement
32797,16-05-2024,Relocation
43121,23-06-2025,Better Opportunity
4512,17-04-2025,Retirement
6063,25-05-2020,Unknown
35690,13-05-2022,Personal Reasons
43490,09-06-2024,Better Opportunity
47545,03-10-2020,Better Opportunity
45205,10-07-2019,Personal Reasons
5710,15-05-2023,Retirement
8867,02-06-2024,Better Opportunity
22811,07-04-2024,Personal Reasons
15541,17-02-2025,Personal Reasons
35188,30-11-2019,Better Opportunity
32254,09-12-2023,Relocation
23927,24-01-2025,Unknown
45826,16-12-2023,Better Opportunity
38380,06-07-2025,Relocation
23844,10-07-2025,Personal Reasons
14136,15-09-2025,Personal Reasons
34451,14-01-2025,Better Opportunity
42086,05-08-2024,Relocation
23142,12-07-2024,Unknown
6393,28-06-2025,Better Opportunity
28383,20-05-2019,Personal Reasons
3818,05-10-2024,Retirement
9399,31-12-2024,Better Opportunity
26699,05-10-2024,Relocation
12771,13-11-2024,Relocation
18813,13-05-2024,Personal Reasons
47078,30-06-2019,Unknown
38651,14-09-2025,Retirement
25578,25-01-2024,Unknown
36483,28-10-2024,Better Opportunity
49778,02-11-2023,Personal Reasons
42985,06-01-2023,Relocation
4379,02-02-2025,Retirement
40765,08-07-2025,Unknown
47254,01-12-2021,Better Opportunity
28439,15-08-2025,Unknown
7458,29-08-2018,Unknown
28569,29-05-2022,Personal Reasons
49971,08-03-2021,Personal Reasons
27407,27-02-2021,Unknown
27705,10-11-2019,Relocation
26238,06-07-2024,Retirement
24795,24-08-2025,Retirement
33813,17-11-2023,Relocation
46355,14-05-2024,Retirement
39109,30-07-2025,Personal Reasons
25237,20-08-2022,Better Opportunity
12299,05-08-2025,Relocation
2877,01-12-2021,Better Opportunity
43523,27-09-2025,Retirement
40078,19-02-2018,Unknown
35636,07-06-2024,Better Opportunity
2341,03-05-2023,Unknown
3290,05-10-2024,Retirement
17760,27-12-2021,Relocation
20248,16-06-2024,Unknown
40151,16-08-2023,Unknown
2153,04-01-2023,Relocation
16615,19-02-2021,Relocation
34180,16-03-2020,Relocation
17508,31-12-2021,Retirement
26576,09-05-2024,Relocation
24183,07-10-2023,Personal Reasons
23998,06-07-2025,Personal Reasons
29371,25-09-2018,Unknown
881,17-02-2020,Personal Reasons
13072,02-01-2025,Better Opportunity
14132,17-01-2020,Better Opportunity
37796,27-02-2025,Personal Reasons
36491,26-04-2018,Retirement
20213,15-11-2022,Unknown
28914,21-04-2019,Better Opportunity
1885,27-03-2021,Personal Reasons
2379,07-07-2022,Personal Reasons
23723,21-07-2025,Relocation
39585,14-12-2024,Retirement
46079,27-03-2019,Relocation
31202,20-06-2022,Unknown
35456,01-09-2025,Personal Reasons
10518,28-02-2025,Personal Reasons
18051,18-11-2018,Unknown
31751,01-04-2019,Unknown
25121,09-04-2016,Relocation
39763,13-08-2024,Retirement
4172,10-08-2023,Unknown
31170,08-05-2022,Relocation
19340,15-05-2019,Retirement
41400,08-06-2021,Relocation
23540,01-04-2019,Better Opportunity
15298,20-07-2024,Relocation
16414,14-07-2025,Better Opportunity
28802,16-09-2025,Relocation
38913,11-03-2023,Better Opportunity
35568,07-04-2025,Better Opportunity
36413,27-08-2025,Relocation
12774,11-10-2024,Better Opportunity
3366,14-02-2020,Relocation
6994,27-08-2023,Better Opportunity
14602,29-12-2022,Personal Reasons
18580,03-04-2025,Unknown
16928,28-01-2021,Unknown
4324,31-08-2025,Personal Reasons
13330,24-02-2022,Unknown
24624,24-09-2024,Better Opportunity
27995,15-08-2018,Retirement
9657,12-09-2024,Unknown
2723,17-12-2024,Unknown
22850,07-05-2025,Unknown
21640,02-09-2025,Relocation
14759,03-04-2025,Retirement
13726,06-02-2025,Relocation
41664,04-12-2021,Unknown
35293,03-08-2023,Better Opportunity
42902,28-07-2025,Retirement
18358,07-09-2025,Personal Reasons
24721,03-07-2018,Retirement
24409,29-06-2023,Unknown
27753,23-01-2025,Unknown
37676,17-05-2024,Relocation
26867,06-10-2024,Personal Reasons
22921,04-08-2025,Retirement
23239,16-11-2023,Unknown
35914,07-01-2025,Relocation
15543,22-04-2022,Retirement
7267,18-11-2018,Retirement
27136,02-06-2024,Better Opportunity
10432,22-02-2024,Relocation
27791,20-07-2024,Retirement
9302,24-08-2025,Retirement
6870,12-10-2025,Better Opportunity
38766,13-10-2024,Personal Reasons
36649,18-02-2024,Better Opportunity
28213,23-12-2024,Retirement
21409,31-03-2017,Personal Reasons
22616,15-02-2023,Relocation
28346,13-03-2024,Unknown
26994,05-11-2024,Retirement
17427,01-04-2021,Better Opportunity
29875,23-11-2023,Relocation
33558,26-03-2025,Retirement
36294,01-05-2024,Retirement
14686,05-12-2023,Retirement
13339,17-02-2020,Relocation
46187,21-07-2025,Retirement
34631,16-02-2020,Retirement
46217,30-11-2021,Unknown
43993,26-07-2022,Retirement
41544,30-05-2022,Better Opportunity
37483,09-04-2025,Retirement
1480,09-02-2024,Unknown
12994,20-07-2024,Personal Reasons
46887,20-02-2023,Better Opportunity
33282,28-09-2025,Better Opportunity
17095,15-01-2021,Unknown
14909,19-08-2023,Unknown
43715,17-10-2024,Better Opportunity
48338,30-09-2025,Unknown
38614,12-05-2025,Personal Reasons
9559,04-07-2023,Personal Reasons
14631,27-05-2025,Unknown
1538,02-02-2020,Personal Reasons
26350,19-07-2021,Better Opportunity
17290,13-01-2025,Personal Reasons
6736,31-03-2025,Retirement
47960,17-07-2025,Unknown
19581,16-11-2024,Relocation
31223,20-04-2025,Retirement
10186,18-04-2021,Better Opportunity
48454,08-08-2024,Personal Reasons
41185,23-03-2021,Unknown
9801,10-06-2024,Retirement
43825,19-03-2021,Unknown
1667,26-05-2024,Relocation
2936,19-05-2018,Better Opportunity
16260,16-02-2019,Unknown
43257,12-04-2024,Relocation
36398,29-04-2024,Retirement
42354,20-03-2022,Retirement
1184,18-02-2022,Relocation
33452,23-12-2022,Personal Reasons
26662,01-01-2023,Better Opportunity
31956,14-11-2023,Personal Reasons
16726,05-10-2025,Personal Reasons
4406,14-09-2022,Relocation
33467,11-04-2019,Unknown
13177,04-04-2018,Personal Reasons
26381,21-04-2021,Unknown
19906,24-07-2025,Better Opportunity
25152,05-08-2017,Relocation
21061,05-07-2019,Personal Reasons
28289,21-02-2025,Unknown
6456,15-11-2024,Better Opportunity
3885,17-12-2024,Retirement
20801,21-06-2025,Retirement
45038,07-12-2023,Personal Reasons
43062,05-07-2025,Retirement
35354,23-01-2021,Better Opportunity
3050,17-11-2024,Better Opportunity
10009,27-04-2024,Relocation
37302,27-07-2024,Relocation
23686,20-04-2025,Relocation
11044,11-04-2021,Personal Reasons
35846,29-06-2025,Relocation
3913,26-05-2025,Relocation
31942,04-07-2025,Retirement
17103,12-07-2025,Relocation
38615,17-07-2022,Retirement
10311,28-12-2017,Better Opportunity
40746,08-10-2016,Personal Reasons
49737,29-06-2025,Personal Reasons
10636,20-12-2024,Personal Reasons
11850,21-07-2024,Unknown
28035,31-10-2023,Unknown
44543,04-04-2023,Personal Reasons
27831,23-08-2025,Personal Reasons
45645,25-11-2024,Retirement
45016,06-02-2024,Relocation
34431,23-10-2023,Retirement
6397,15-09-2025,Relocation
8709,04-03-2023,Unknown
42256,10-10-2024,Personal Reasons
31948,23-01-2024,Personal Reasons
9946,26-09-2025,Better Opportunity
32957,21-04-2025,Personal Reasons
13680,26-06-2023,Unknown
6669,30-12-2020,Better Opportunity
42823,12-05-2021,Personal Reasons
26298,14-04-2023,Retirement
9139,28-12-2024,Retirement
45019,31-03-2021,Personal Reasons
48458,25-12-2023,Personal Reasons
9084,05-01-2022,Retirement
6898,06-03-2024,Personal Reasons
181,05-04-2022,Relocation
17555,02-12-2021,Better Opportunity
35909,27-10-2023,Relocation
35461,01-08-2025,Relocation
30149,27-08-2025,Retirement
28739,01-11-2019,Personal Reasons
46539,07-08-2025,Unknown
21531,04-04-2021,Unknown
42944,31-12-2021,Unknown
19644,05-08-2024,Unknown
46783,02-01-2021,Retirement
28356,30-07-2025,Retirement
30023,26-06-2025,Personal Reasons
32696,03-11-2021,Retirement
45176,15-05-2022,Retirement
14765,22-08-2024,Relocation
1201,23-05-2025,Relocation
21835,27-05-2021,Retirement
41465,04-07-2024,Better Opportunity
46361,11-03-2019,Unknown
5584,15-12-2023,Unknown
19898,04-03-2025,Unknown
14032,01-12-2023,Retirement
39484,01-12-2017,Unknown
44729,30-03-2022,Unknown
26136,21-04-2024,Personal Reasons
43180,09-02-2021,Relocation
40145,23-06-2024,Unknown
18025,30-06-2022,Relocation
19680,20-12-2024,Retirement
18579,27-07-2023,Unknown
34594,18-07-2025,Retirement
43269,27-04-2025,Unknown
34850,13-04-2025,Retirement
27296,05-08-2025,Unknown
29931,27-06-2025,Unknown
16782,31-10-2019,Personal Reasons
25504,30-06-2023,Unknown
7095,03-05-2022,Personal Reasons
30983,23-02-2022,Personal Reasons
3465,25-08-2025,Relocation
6311,23-06-2023,Retirement
13969,24-09-2019,Personal Reasons
13775,20-03-2017,Retirement
27663,26-10-2018,Unknown
42350,02-04-2021,Better Opportunity
6907,23-05-2024,Unknown
15659,10-03-2024,Personal Reasons
49592,30-11-2024,Retirement
12678,26-07-2025,Retirement
45548,07-05-2024,Relocation
48159,03-08-2024,Unknown
13240,19-03-2021,Better Opportunity
49624,13-06-2022,Relocation
29531,19-12-2024,Unknown
3703,02-06-2020,Unknown
46327,13-03-2021,Unknown
22368,04-05-2021,Better Opportunity
1158,30-06-2023,Retirement
36259,11-11-2017,Retirement
36153,03-09-2024,Better Opportunity
6114,08-10-2022,Retirement
40349,05-10-2025,Retirement
20338,17-06-2025,Relocation
48923,09-10-2021,Personal Reasons
37712,12-08-2025,Personal Reasons
12430,08-07-2022,Better Opportunity
10592,19-08-2022,Unknown
13479,23-01-2021,Better Opportunity
10682,29-12-2018,Personal Reasons
16071,26-03-2024,Retirement
18012,23-08-2025,Better Opportunity
46621,30-12-2022,Personal Reasons
7664,08-02-2022,Retirement
1669,26-06-2023,Better Opportunity
10906,17-01-2025,Unknown
27409,22-10-2023,Retirement
4561,22-03-2020,Better Opportunity
21890,22-09-2025,Retirement
24520,23-11-2024,Personal Reasons
39844,17-08-2023,Better Opportunity
4026,28-10-2022,Unknown
15759,03-04-2022,Relocation
3405,08-05-2025,Relocation
40581,29-07-2019,Better Opportunity
711,09-08-2025,Retirement
27868,01-10-2025,Better Opportunity
15778,01-07-2024,Better Opportunity
11856,17-12-2023,Personal Reasons
45673,06-08-2022,Relocation
44288,01-10-2024,Better Opportunity
28285,01-12-2019,Personal Reasons
18019,14-12-2024,Better Opportunity
34288,20-03-2019,Unknown
450,11-04-2021,Relocation
48577,26-09-2023,Personal Reasons
21761,08-10-2021,Unknown
30448,13-04-2023,Retirement
14839,24-08-2019,Unknown
21916,28-12-2020,Personal Reasons
45412,23-01-2020,Personal Reasons
13967,08-10-2022,Personal Reasons
21758,17-07-2024,Personal Reasons
21850,19-06-2023,Better Opportunity
17995,10-10-2025,Personal Reasons
41476,31-07-2018,Personal Reasons
8690,12-07-2025,Unknown
19639,18-10-2024,Personal Reasons
27975,02-03-2024,Relocation
42270,05-04-2024,Unknown
2175,05-03-2021,Relocation
10008,19-09-2025,Retirement
12714,19-03-2023,Better Opportunity
45369,07-07-2025,Personal Reasons
1483,15-07-2025,Better Opportunity
243,07-03-2023,Relocation
26692,01-01-2021,Better Opportunity
46140,25-07-2016,Retirement
38495,01-04-2024,Retirement
11334,25-01-2021,Relocation
39225,10-10-2024,Unknown
33934,07-09-2024,Relocation
43023,17-02-2020,Retirement
32951,23-04-2023,Relocation
9821,11-02-2022,Retirement
20367,30-07-2025,Relocation
15251,05-07-2025,Relocation
30021,25-08-2021,Relocation
49219,02-02-2025,Unknown
117,23-10-2022,Unknown
35258,07-07-2023,Personal Reasons
48138,18-05-2025,Retirement
7878,11-08-2023,Personal Reasons
3203,24-03-2023,Better Opportunity
15649,20-04-2024,Relocation
48442,16-12-2023,Retirement
7488,24-10-2024,Unknown
8699,14-03-2023,Personal Reasons
540,04-01-2025,Unknown
39304,09-04-2023,Personal Reasons
23129,23-10-2023,Personal Reasons
40077,23-06-2023,Personal Reasons
41771,23-09-2025,Retirement
28995,22-12-2024,Unknown
22675,01-05-2024,Relocation
15247,21-07-2025,Personal Reasons
45514,07-08-2025,Personal Reasons
27806,09-11-2023,Relocation
23632,27-02-2024,Personal Reasons
44963,21-07-2022,Better Opportunity
6131,25-10-2022,Better Opportunity
12930,20-07-2021,Unknown
118,22-08-2025,Retirement
45405,10-12-2022,Retirement
11594,25-08-2017,Unknown
5627,25-06-2024,Relocation
47308,01-08-2024,Better Opportunity
22477,01-03-2025,Relocation
41447,11-04-2025,Unknown
11777,14-04-2025,Unknown
47649,06-10-2022,Better Opportunity
38904,13-02-2025,Personal Reasons
4057,02-07-2023,Better Opportunity
9156,21-02-2025,Retirement
34692,14-07-2021,Retirement
17291,01-06-2023,Relocation
21107,29-01-2023,Unknown
28782,30-03-2023,Better Opportunity
43231,26-01-2025,Relocation
314,24-01-2025,Personal Reasons
40046,25-12-2019,Relocation
25246,25-08-2021,Better Opportunity
24963,22-09-2018,Personal Reasons
18013,12-04-2025,Unknown
47559,25-05-2023,Relocation
25914,17-11-2018,Unknown
45862,22-02-2023,Retirement
20022,14-08-2024,Personal Reasons
46629,11-01-2025,Personal Reasons
6788,18-11-2018,Better Opportunity
6664,18-07-2021,Better Opportunity
17462,02-07-2025,Better Opportunity
48021,20-08-2023,Unknown
49200,05-03-2025,Better Opportunity
22376,27-03-2025,Unknown
38115,18-03-2024,Personal Reasons
3584,20-03-2021,Personal Reasons
7339,23-07-2021,Better Opportunity
32732,20-08-2022,Retirement
41798,13-02-2024,Unknown
16300,05-11-2016,Unknown
37954,19-05-2024,Better Opportunity
34617,26-02-2024,Better Opportunity
28590,23-06-2019,Personal Reasons
39219,20-03-2023,Personal Reasons
39777,14-04-2024,Retirement
14721,20-02-2022,Better Opportunity
48116,14-02-2025,Retirement
2311,21-02-2025,Unknown
38622,21-07-2020,Better Opportunity
9058,03-06-2024,Relocation
40846,27-06-2021,Relocation
43274,03-10-2025,Better Opportunity
47206,24-09-2020,Unknown
18519,14-02-2024,Relocation
34869,02-09-2022,Retirement
43093,18-03-2024,Relocation
26334,03-08-2025,Relocation
15502,04-07-2022,Retirement
49806,25-10-2020,Retirement
10639,11-02-2024,Relocation
12268,10-08-2022,Unknown
29644,23-10-2022,Personal Reasons
9769,01-01-2025,Unknown
31178,06-02-2022,Retirement
13309,23-08-2021,Unknown
33507,05-07-2024,Personal Reasons
4000,16-01-2024,Personal Reasons
1878,30-04-2025,Unknown
13206,25-08-2025,Unknown
21234,03-03-2019,Personal Reasons
47250,03-09-2023,Retirement
19854,31-12-2024,Personal Reasons
18393,16-03-2025,Retirement
12581,10-09-2020,Unknown
44389,11-10-2018,Unknown
35550,25-04-2024,Unknown
41925,30-07-2025,Personal Reasons
41713,24-01-2024,Unknown
4875,28-03-2019,Retirement
26199,11-07-2020,Unknown
4674,09-08-2025,Personal Reasons
33984,12-06-2025,Unknown
29592,08-05-2023,Personal Reasons
23781,16-03-2021,Personal Reasons
26033,02-12-2023,Unknown
38584,31-12-2024,Retirement
262,12-10-2021,Better Opportunity
27365,18-01-2025,Better Opportunity
9622,08-09-2025,Personal Reasons
12532,24-08-2025,Better Opportunity
34115,20-10-2023,Better Opportunity
6140,01-04-2025,Personal Reasons
28870,14-11-2021,Better Opportunity
44936,17-12-2021,Relocation
4337,13-10-2024,Retirement
42474,31-05-2023,Better Opportunity
10690,29-01-2025,Better Opportunity
2102,11-10-2024,Personal Reasons
9978,05-10-2025,Unknown
24185,11-06-2022,Retirement
33617,29-08-2024,Unknown
29071,10-05-2025,Retirement
30166,09-04-2023,Relocation
30816,18-08-2025,Retirement
18968,06-05-2022,Better Opportunity
38130,28-05-2017,Retirement
34406,05-08-2025,Personal Reasons
15044,10-06-2025,Better Opportunity
7461,26-03-2018,Retirement
15462,30-04-2025,Better Opportunity
35487,14-09-2023,Personal Reasons
48398,16-07-2023,Retirement
41000,14-11-2023,Unknown
44,24-12-2017,Personal Reasons
23030,18-02-2019,Unknown
4307,18-11-2021,Better Opportunity
26466,15-07-2025,Retirement
22284,21-07-2023,Retirement
44792,13-02-2020,Relocation
12164,27-09-2024,Relocation
41841,14-02-2025,Better Opportunity
43508,07-07-2025,Personal Reasons
3506,21-12-2024,Better Opportunity
8895,26-08-2022,Retirement
42829,25-11-2021,Personal Reasons
41479,01-10-2024,Personal Reasons
27566,11-04-2025,Relocation
23337,18-11-2017,Relocation
24973,19-03-2025,Personal Reasons
3603,08-02-2025,Unknown
30232,06-07-2025,Better Opportunity
9644,27-12-2019,Personal Reasons
48375,06-12-2023,Unknown
47455,15-10-2024,Unknown
41862,20-08-2024,Personal Reasons
22757,06-09-2025,Relocation
5944,06-03-2023,Better Opportunity
34875,25-08-2025,Unknown
25995,03-09-2023,Better Opportunity
23477,16-10-2024,Relocation
25139,04-10-2025,Relocation
29114,27-08-2025,Better Opportunity
15216,11-08-2023,Personal Reasons
13795,26-06-2023,Retirement
30136,08-07-2025,Retirement
44295,31-07-2024,Personal Reasons
1662,28-08-2024,Unknown
47215,24-05-2024,Retirement
11094,10-04-2022,Personal Reasons
26816,02-06-2025,Unknown
41628,29-05-2024,Unknown
9941,14-01-2025,Relocation
44616,26-01-2023,Relocation
45524,11-08-2017,Relocation
27905,22-03-2023,Unknown
33086,04-10-2023,Relocation
4724,30-11-2024,Retirement
31139,11-10-2023,Relocation
42306,17-06-2025,Relocation
43695,02-05-2025,Unknown
29800,10-07-2024,Retirement
49519,29-03-2023,Retirement
6039,24-05-2022,Better Opportunity
45769,23-07-2025,Unknown
29947,02-01-2024,Personal Reasons
26760,10-04-2024,Relocation
11533,08-10-2023,Relocation
30495,02-07-2024,Personal Reasons
26888,06-01-2025,Retirement
8939,16-07-2025,Unknown
30413,28-12-2024,Better Opportunity
5075,04-05-2019,Retirement
6703,21-07-2023,Personal Reasons
8752,27-12-2021,Relocation
34347,12-09-2023,Unknown
14077,07-01-2025,Unknown
11711,14-04-2025,Relocation
40238,30-01-2024,Better Opportunity
14143,14-10-2024,Relocation
37926,26-08-2024,Unknown
7453,25-07-2024,Better Opportunity
7503,17-08-2024,Better Opportunity
15574,26-09-2018,Unknown
45479,18-05-2025,Better Opportunity
7391,23-01-2020,Personal Reasons
15369,05-02-2025,Better Opportunity
48097,24-12-2023,Unknown
15345,27-04-2023,Better Opportunity
38501,06-02-2025,Personal Reasons
33883,03-02-2024,Unknown
40804,13-09-2024,Unknown
6722,17-12-2024,Personal Reasons
8788,02-08-2019,Personal Reasons
19222,06-07-2017,Unknown
33790,18-06-2018,Personal Reasons
14202,21-05-2024,Retirement
8238,22-08-2025,Relocation
33119,27-07-2023,Personal Reasons
6326,13-05-2021,Personal Reasons
21864,14-07-2022,Relocation
28172,14-03-2025,Personal Reasons
7090,03-12-2024,Better Opportunity
15124,23-10-2023,Relocation
43805,11-06-2022,Relocation
36957,20-09-2024,Unknown
37452,13-04-2021,Better Opportunity
8106,01-03-2018,Relocation
28376,13-08-2021,Relocation
44578,12-03-2024,Retirement
11879,12-06-2025,Unknown
43786,11-07-2019,Relocation
16934,01-09-2025,Unknown
4976,27-11-2019,Relocation
3813,03-12-2024,Relocation
21195,20-05-2025,Unknown
10832,13-03-2022,Unknown
17466,12-02-2019,Relocation
33702,10-07-2025,Unknown
4843,20-01-2023,Better Opportunity
46185,26-01-2023,Unknown
7128,29-04-2024,Relocation
31817,10-12-2016,Unknown
34780,31-12-2023,Relocation
15890,17-05-2025,Retirement
27570,18-03-2025,Relocation
40365,22-10-2022,Retirement
13490,26-04-2023,Retirement
15274,29-11-2023,Better Opportunity
22567,09-03-2025,Relocation
16440,21-06-2024,Relocation
39176,30-10-2023,Retirement
32440,19-12-2024,Unknown
26561,13-09-2025,Retirement
36176,25-02-2025,Relocation
13136,23-12-2024,Unknown
10409,19-02-2022,Personal Reasons
2098,03-04-2017,Retirement
44532,26-02-2019,Retirement
47432,06-09-2025,Personal Reasons
34842,27-03-2020,Relocation
4269,29-06-2022,Better Opportunity
18203,01-02-2024,Unknown
13129,17-03-2025,Unknown
41311,23-12-2024,Relocation
10378,03-04-2019,Better Opportunity
37940,25-04-2023,Relocation
25681,31-08-2017,Better Opportunity
39559,21-10-2023,Personal Reasons
21622,11-06-2018,Better Opportunity
10099,30-09-2020,Relocation
47340,11-07-2023,Relocation
25636,23-11-2023,Better Opportunity
12446,06-12-2018,Better Opportunity
589,13-12-2023,Retirement
22195,21-01-2025,Personal Reasons
46208,26-06-2019,Relocation
46084,06-01-2019,Better Opportunity
37026,12-03-2020,Better Opportunity
37971,09-03-2018,Relocation
46055,04-09-2022,Better Opportunity
3454,21-09-2025,Unknown
43707,20-05-2025,Relocation
45663,11-10-2025,Personal Reasons
27511,17-11-2024,Unknown
6574,12-12-2017,Unknown
21158,26-02-2021,Relocation
14702,03-10-2019,Retirement
2261,09-09-2023,Relocation
35237,27-12-2022,Retirement
3707,04-08-2024,Retirement
15692,31-08-2024,Unknown
49407,26-07-2020,Retirement
46279,11-12-2018,Relocation
32738,18-09-2025,Better Opportunity
13951,22-03-2025,Relocation
40039,09-12-2021,Personal Reasons
9623,12-02-2021,Better Opportunity
10466,05-09-2025,Unknown
4687,20-04-2022,Relocation
31159,06-07-2025,Personal Reasons
27463,23-03-2021,Better Opportunity
16741,19-08-2023,Relocation
39124,22-08-2023,Unknown
38807,05-10-2025,Relocation
24591,03-12-2021,Better Opportunity
47902,14-02-2024,Unknown
11062,31-10-2021,Retirement
17722,15-07-2025,Relocation
3248,20-03-2022,Unknown
1380,28-02-2024,Unknown
13388,05-11-2023,Better Opportunity
9927,28-11-2024,Unknown
14917,23-03-2023,Personal Reasons
38440,27-07-2024,Relocation
27254,12-08-2024,Relocation
15775,27-04-2024,Retirement
654,24-07-2025,Retirement
6334,19-03-2023,Relocation
43218,31-08-2022,Personal Reasons
2302,07-05-2020,Retirement
23158,26-06-2025,Unknown
22706,22-08-2025,Better Opportunity
40449,13-03-2025,Unknown
8339,21-06-2019,Relocation
47225,17-02-2025,Relocation
37449,25-10-2024,Relocation
38771,18-08-2021,Better Opportunity
45939,10-05-2024,Better Opportunity
39384,30-08-2023,Unknown
15304,04-07-2019,Relocation
6126,28-09-2022,Relocation
49988,30-04-2022,Personal Reasons
39436,07-06-2020,Relocation
6747,12-05-2024,Retirement
27519,08-05-2025,Better Opportunity
35890,08-04-2022,Better Opportunity
11824,16-09-2021,Better Opportunity
3165,28-11-2019,Personal Reasons
19035,02-12-2021,Relocation
18624,23-01-2025,Retirement
19121,17-10-2023,Relocation
11258,26-10-2023,Retirement
37319,29-09-2021,Retirement
32510,15-12-2019,Unknown
16268,14-07-2021,Relocation
4250,01-06-2024,Relocation
19623,15-09-2022,Personal Reasons
19455,20-08-2022,Better Opportunity
7605,11-03-2020,Better Opportunity
7065,06-08-2023,Retirement
39104,27-02-2024,Retirement
39322,11-01-2025,Personal Reasons
42740,18-06-2025,Relocation
12007,21-09-2025,Retirement
9424,28-12-2024,Better Opportunity
4467,02-01-2025,Better Opportunity
49914,08-01-2024,Unknown
36195,04-04-2025,Unknown
19237,10-04-2025,Personal Reasons
22519,16-06-2020,Relocation
2158,08-06-2022,Unknown
381,30-01-2024,Retirement
7567,13-11-2024,Better Opportunity
20603,10-04-2025,Better Opportunity
14682,27-09-2025,Relocation
17036,09-03-2025,Unknown
3513,01-06-2025,Personal Reasons
46970,18-10-2023,Better Opportunity
43507,09-07-2023,Personal Reasons
29370,29-10-2022,Unknown
39598,17-01-2024,Personal Reasons
49225,15-06-2025,Unknown
905,24-07-2025,Unknown
18792,23-08-2023,Retirement
11961,06-07-2025,Relocation
37680,14-06-2021,Retirement
5817,13-05-2021,Better Opportunity
38657,21-05-2024,Relocation
23834,25-02-2020,Unknown
5608,11-09-2019,Personal Reasons
5844,25-08-2021,Retirement
46444,21-01-2020,Retirement
30187,10-08-2019,Relocation
1714,21-05-2024,Unknown
5484,03-03-2024,Retirement
3639,21-05-2022,Personal Reasons
19270,29-10-2020,Retirement
38751,03-12-2023,Retirement
33524,10-04-2024,Retirement
5736,16-06-2024,Relocation
24703,16-09-2022,Unknown
45125,15-04-2024,Personal Reasons
49702,19-03-2022,Personal Reasons
47126,06-08-2024,Retirement
19987,18-09-2025,Retirement
27127,11-08-2025,Relocation
45349,30-04-2021,Retirement
6348,16-05-2025,Better Opportunity
23189,10-10-2025,Retirement
29615,08-01-2025,Unknown
30208,06-08-2020,Unknown
15854,11-10-2025,Retirement
29600,16-11-2018,Better Opportunity
2146,04-06-2025,Relocation
8518,12-03-2025,Personal Reasons
25780,08-07-2025,Relocation
42254,04-02-2022,Better Opportunity
1657,21-08-2023,Unknown
28882,28-08-2025,Better Opportunity
43607,22-01-2021,Relocation
8826,07-08-2024,Relocation
36687,29-05-2025,Unknown
256,19-11-2021,Personal Reasons
48584,14-11-2022,Better Opportunity
4735,25-12-2020,Unknown
43486,05-11-2019,Relocation
12477,27-08-2025,Better Opportunity
15067,30-08-2025,Retirement
46848,22-09-2018,Personal Reasons
27099,18-08-2025,Better Opportunity
47398,14-02-2019,Better Opportunity
2109,16-09-2018,Retirement
35590,25-12-2023,Personal Reasons
44540,23-11-2017,Unknown
7673,06-02-2023,Relocation
15885,09-07-2023,Retirement
10023,27-09-2018,Personal Reasons
26419,05-01-2024,Retirement
44943,17-01-2025,Unknown
21551,27-08-2025,Relocation
25610,15-08-2025,Retirement
31551,25-02-2019,Retirement
2803,27-11-2023,Better Opportunity
977,08-12-2024,Relocation
11389,01-12-2023,Personal Reasons
38850,17-01-2020,Better Opportunity
45170,25-05-2025,Unknown
15968,13-12-2023,Better Opportunity
47711,19-03-2021,Personal Reasons
41885,09-10-2025,Better Opportunity
5335,06-10-2022,Relocation
2131,13-06-2024,Retirement
33586,31-12-2020,Unknown
2337,14-08-2024,Unknown
15882,17-07-2025,Personal Reasons
21048,08-12-2024,Unknown
9518,27-08-2020,Relocation
37699,12-05-2024,Unknown
26668,19-05-2025,Retirement
13881,08-10-2023,Personal Reasons
29525,02-08-2021,Better Opportunity
35564,27-05-2025,Unknown
18153,26-08-2020,Unknown
29668,15-07-2021,Unknown
14753,14-01-2025,Unknown
18974,18-03-2019,Retirement
23260,17-11-2023,Better Opportunity
31709,07-01-2023,Retirement
7920,17-02-2021,Relocation
788,13-03-2024,Better Opportunity
41237,19-12-2023,Relocation
44745,12-08-2023,Relocation
11283,18-02-2022,Relocation
48374,10-10-2025,Relocation
27285,05-02-2021,Relocation
2243,05-05-2018,Personal Reasons
28450,16-10-2024,Unknown
28181,18-04-2025,Personal Reasons
26738,16-09-2023,Relocation
32224,17-04-2023,Retirement
10935,02-05-2018,Personal Reasons
18750,08-10-2025,Relocation
18274,05-01-2024,Unknown
44321,05-08-2025,Unknown
8398,13-01-2021,Unknown
24822,25-09-2024,Personal Reasons
6321,22-07-2021,Personal Reasons
46030,25-10-2022,Relocation
15069,21-06-2020,Better Opportunity
49515,13-08-2022,Retirement
29846,11-09-2023,Unknown
16511,07-07-2023,Relocation
18989,27-05-2018,Relocation
10264,10-10-2025,Better Opportunity
27352,26-09-2022,Retirement
17001,31-03-2020,Better Opportunity
47067,21-05-2021,Unknown
777,03-03-2022,Unknown
35557,31-08-2025,Unknown
16424,28-03-2023,Better Opportunity
4303,13-10-2021,Unknown
10014,08-12-2024,Retirement
40507,23-09-2018,Retirement
20901,13-08-2023,Personal Reasons
1654,21-12-2022,Relocation
32553,24-10-2021,Retirement
41640,03-06-2025,Relocation
23338,28-02-2023,Better Opportunity
254,14-10-2020,Retirement
1053,12-04-2023,Retirement
48907,28-01-2019,Better Opportunity
11774,13-10-2023,Relocation
46480,03-02-2025,Relocation
23562,16-02-2025,Relocation
30546,25-06-2025,Unknown
38539,16-07-2025,Better Opportunity
19310,26-03-2025,Unknown
24126,28-12-2022,Relocation
9250,08-10-2025,Relocation
35744,21-04-2024,Relocation
7498,18-04-2017,Unknown
31328,07-01-2020,Better Opportunity
15163,07-01-2020,Better Opportunity
20374,05-05-2020,Relocation
8872,24-04-2024,Personal Reasons
4891,10-07-2022,Unknown
39030,08-08-2021,Personal Reasons
2473,30-09-2022,Retirement
4634,11-05-2025,Personal Reasons
3452,31-01-2025,Retirement
6107,29-09-2024,Unknown
27188,31-12-2017,Retirement
48477,18-06-2025,Retirement
21255,26-07-2023,Better Opportunity
16277,02-10-2022,Unknown
20909,01-12-2019,Better Opportunity
40994,21-06-2023,Retirement
49397,14-03-2024,Relocation
13562,18-05-2024,Retirement
40935,26-09-2025,Unknown
25210,18-02-2025,Personal Reasons
27089,23-04-2025,Unknown
13718,18-12-2019,Personal Reasons
29994,22-11-2023,Better Opportunity
46663,10-08-2022,Better Opportunity
48393,10-10-2020,Better Opportunity
37322,22-07-2024,Personal Reasons
48215,16-03-2025,Better Opportunity
23849,24-09-2023,Retirement
39333,29-02-2020,Retirement
22847,08-10-2025,Relocation
42555,31-05-2021,Retirement
17359,20-07-2025,Relocation
7774,17-09-2024,Relocation
21515,03-02-2023,Relocation
22385,11-03-2023,Better Opportunity
19497,14-05-2023,Better Opportunity
43162,05-12-2020,Relocation
11738,15-11-2024,Relocation
45646,01-11-2019,Better Opportunity
46038,17-01-2022,Retirement
49304,01-08-2024,Unknown
31484,03-04-2017,Unknown
30472,04-07-2025,Unknown
43143,01-06-2023,Better Opportunity
41875,23-04-2024,Unknown
22820,07-07-2024,Retirement
23646,20-02-2018,Unknown
24992,04-07-2025,Unknown
28292,12-06-2024,Personal Reasons
26145,29-01-2025,Relocation
19363,13-02-2024,Retirement
42497,14-07-2025,Relocation
46536,22-08-2025,Personal Reasons
21197,11-04-2024,Unknown
25727,29-11-2023,Relocation
22378,21-11-2021,Retirement
11326,24-09-2024,Unknown
23363,10-07-2023,Retirement
41707,02-10-2025,Retirement
48553,17-10-2024,Unknown
39873,11-03-2022,Relocation
31995,02-11-2019,Unknown
8886,16-01-2025,Retirement
42994,31-05-2024,Retirement
6751,18-11-2024,Unknown
39266,06-09-2025,Unknown
30981,10-11-2021,Better Opportunity
34121,07-05-2024,Unknown
6744,19-10-2022,Personal Reasons
24990,15-03-2024,Unknown
47423,27-11-2024,Personal Reasons
20025,11-04-2022,Better Opportunity
46047,11-06-2025,Retirement
12824,10-07-2025,Relocation
16399,05-12-2020,Better Opportunity
24338,30-08-2017,Relocation
21724,10-12-2022,Better Opportunity
17124,25-11-2021,Relocation
16105,10-02-2025,Retirement
1517,01-11-2021,Unknown
39594,20-07-2023,Unknown
26072,17-10-2021,Better Opportunity
40196,08-02-2025,Better Opportunity
35295,02-08-2025,Retirement
25182,14-12-2024,Better Opportunity
18068,06-04-2025,Better Opportunity
43141,02-05-2019,Unknown
41791,30-07-2025,Better Opportunity
7570,16-09-2021,Retirement
46428,02-04-2019,Personal Reasons
17869,21-06-2024,Personal Reasons
15948,14-09-2018,Unknown
24832,04-05-2023,Retirement
37649,22-06-2024,Better Opportunity
3286,11-08-2025,Better Opportunity
40460,05-12-2023,Personal Reasons
12730,23-01-2025,Unknown
38631,22-09-2025,Personal Reasons
26049,21-10-2019,Relocation
4048,13-02-2023,Personal Reasons
33937,23-02-2025,Better Opportunity
46090,19-09-2021,Better Opportunity
33437,10-05-2023,Personal Reasons
15929,17-01-2021,Better Opportunity
9945,18-04-2025,Better Opportunity
23097,10-12-2023,Unknown
26092,18-04-2023,Unknown
27625,31-08-2023,Better Opportunity
39096,20-08-2022,Retirement
6644,10-07-2022,Better Opportunity
14594,25-08-2024,Personal Reasons
46475,14-11-2022,Personal Reasons
16159,21-08-2023,Personal Reasons
7710,08-12-2024,Retirement
49633,25-09-2025,Retirement
34098,02-03-2023,Personal Reasons
46671,26-01-2024,Retirement
21290,16-02-2024,Personal Reasons
3927,18-02-2020,Retirement
37948,18-01-2021,Relocation
27196,26-05-2025,Personal Reasons
21976,25-07-2020,Personal Reasons
35798,13-11-2022,Retirement
30917,31-05-2024,Personal Reasons
12939,03-10-2024,Relocation
46768,02-02-2018,Retirement
15677,20-09-2025,Better Opportunity
9763,27-02-2020,Unknown
12120,25-09-2020,Retirement
27459,06-01-2022,Relocation
6208,24-09-2023,Unknown
45023,21-01-2023,Relocation
49428,07-09-2025,Retirement
42893,01-04-2025,Better Opportunity
1963,14-08-2024,Personal Reasons
37178,05-07-2023,Relocation
8069,28-08-2022,Retirement
42147,15-12-2020,Relocation
18324,01-03-2021,Personal Reasons
45562,22-04-2022,Unknown
41741,08-08-2023,Unknown
41931,30-08-2025,Better Opportunity
24987,06-08-2023,Better Opportunity
16005,07-03-2021,Better Opportunity
47682,14-05-2024,Personal Reasons
2977,03-10-2021,Personal Reasons
13111,28-08-2025,Unknown
38,15-05-2025,Retirement
700,13-08-2025,Relocation
36525,18-05-2021,Better Opportunity
14037,16-07-2024,Unknown
49059,24-03-2017,Relocation
1712,24-01-2025,Personal Reasons
874,11-05-2017,Relocation
32122,07-06-2025,Relocation
11522,08-12-2020,Relocation
10127,24-08-2025,Relocation
25276,08-08-2025,Relocation
43333,19-05-2020,Relocation
39482,12-03-2023,Personal Reasons
44917,18-07-2021,Better Opportunity
11412,06-06-2025,Relocation
6243,03-05-2019,Unknown
22799,29-06-2025,Unknown
3821,03-10-2025,Retirement
37857,23-11-2023,Unknown
49970,12-06-2021,Personal Reasons
18710,16-11-2022,Relocation
10625,26-09-2023,Relocation
33563,05-09-2025,Relocation
17187,16-02-2025,Retirement
42601,20-02-2025,Unknown
45956,20-02-2023,Retirement
34017,17-10-2023,Retirement
48775,26-04-2020,Retirement
28255,18-08-2025,Unknown
10171,12-01-2020,Relocation
36663,12-11-2017,Relocation
43361,06-11-2023,Personal Reasons
29798,29-08-2025,Personal Reasons
35327,14-10-2024,Personal Reasons
7932,29-08-2025,Better Opportunity
1027,02-02-2025,Better Opportunity
35100,21-01-2018,Better Opportunity
1606,17-05-2025,Retirement
826,12-09-2022,Retirement
41543,13-08-2024,Unknown
49812,23-09-2025,Better Opportunity
43127,21-08-2025,Better Opportunity
14544,20-08-2023,Unknown
42012,15-01-2024,Unknown
16938,05-06-2024,Personal Reasons
8851,06-07-2025,Better Opportunity
27714,29-04-2025,Relocation
2519,30-09-2021,Better Opportunity
3326,04-12-2021,Relocation
36006,28-05-2022,Better Opportunity
43530,04-09-2021,Relocation
44001,10-03-2025,Retirement
19075,11-08-2024,Better Opportunity
39360,22-02-2025,Better Opportunity
34257,16-12-2023,Personal Reasons
49699,17-09-2023,Personal Reasons
18569,22-07-2023,Relocation
19,05-04-2025,Unknown
37771,10-02-2025,Unknown
14924,06-08-2025,Better Opportunity
12937,12-08-2023,Unknown
47080,16-01-2025,Better Opportunity
8050,27-01-2023,Relocation
23099,13-06-2025,Retirement
10163,01-01-2020,Personal Reasons
7228,12-03-2022,Relocation
9023,23-02-2020,Relocation
23204,26-11-2022,Unknown
43090,27-05-2023,Personal Reasons
457,03-07-2019,Relocation
23756,18-11-2020,Unknown
5247,02-02-2025,Unknown
21826,04-03-2022,Better Opportunity
29433,07-02-2025,Relocation
30855,01-09-2023,Better Opportunity
46320,22-12-2022,Personal Reasons
9159,10-01-2020,Personal Reasons
35989,10-02-2023,Better Opportunity
32912,15-08-2024,Retirement
38162,12-03-2023,Retirement
31990,22-03-2024,Retirement
34427,31-01-2019,Unknown
49965,19-06-2025,Better Opportunity
23341,02-06-2025,Retirement
10336,21-05-2025,Better Opportunity
18778,16-03-2023,Better Opportunity
8897,11-04-2022,Better Opportunity
6511,26-12-2023,Retirement
9991,30-09-2022,Unknown
3372,18-04-2025,Personal Reasons
33376,21-12-2022,Unknown
1974,28-11-2021,Better Opportunity
9128,01-09-2024,Relocation
11686,27-05-2022,Relocation
25798,01-11-2017,Better Opportunity
8785,23-12-2022,Retirement
793,08-06-2021,Unknown
22797,03-06-2025,Personal Reasons
16879,26-07-2024,Relocation
41367,02-05-2023,Unknown
16562,20-02-2021,Unknown
7347,29-10-2024,Personal Reasons
45684,02-11-2021,Retirement
12589,16-11-2022,Unknown
5036,08-11-2023,Personal Reasons
3997,13-03-2025,Retirement
19696,25-10-2024,Relocation
12028,17-09-2025,Retirement
18022,17-10-2022,Retirement
47221,09-05-2022,Retirement
47846,06-12-2024,Personal Reasons
35319,27-08-2023,Personal Reasons
44264,27-08-2016,Personal Reasons
9388,25-04-2025,Unknown
34729,27-08-2022,Relocation
14278,24-07-2025,Unknown
32702,30-10-2024,Personal Reasons
42552,16-09-2025,Personal Reasons
13305,27-05-2017,Better Opportunity
33686,11-01-2022,Retirement
45265,29-04-2022,Unknown
40725,08-04-2021,Personal Reasons
13389,25-07-2023,Relocation
48038,30-06-2025,Better Opportunity
37555,18-07-2025,Retirement
23757,23-08-2025,Personal Reasons
3522,10-10-2023,Unknown
40253,19-10-2023,Better Opportunity
7713,07-02-2025,Personal Reasons
21446,19-10-2023,Better Opportunity
22420,24-05-2025,Unknown
6525,27-01-2024,Retirement
25135,17-01-2022,Better Opportunity
32746,07-09-2021,Unknown
32456,16-09-2024,Personal Reasons
49041,17-09-2020,Personal Reasons
26068,27-12-2024,Better Opportunity
18822,19-01-2019,Relocation
20085,22-11-2020,Personal Reasons
15665,17-02-2022,Unknown
3612,23-03-2025,Better Opportunity
7863,22-07-2025,Unknown
32616,19-06-2025,Unknown
23696,22-05-2024,Better Opportunity
36170,07-12-2020,Personal Reasons
22075,15-08-2019,Personal Reasons
31307,05-07-2025,Personal Reasons
40852,08-02-2025,Retirement
7470,23-01-2025,Relocation
28594,02-11-2023,Retirement
37255,02-08-2024,Relocation
2796,11-08-2025,Relocation
29806,29-08-2024,Better Opportunity
22237,04-06-2022,Better Opportunity
35443,24-07-2021,Personal Reasons
38823,27-11-2023,Personal Reasons
25812,29-12-2024,Relocation
19610,25-12-2019,Personal Reasons
34948,16-01-2024,Unknown
30324,01-01-2023,Better Opportunity
1968,01-07-2025,Personal Reasons
19956,03-11-2023,Personal Reasons
17918,08-03-2022,Better Opportunity
2144,17-06-2018,Unknown
12082,14-04-2023,Personal Reasons
26954,18-11-2024,Unknown
40478,25-09-2019,Unknown
45503,18-01-2025,Better Opportunity
38457,21-12-2022,Personal Reasons
13342,03-03-2022,Unknown
44966,11-09-2025,Better Opportunity
24937,17-06-2024,Retirement
37154,19-03-2023,Unknown
24296,09-04-2025,Better Opportunity
17976,02-11-2019,Better Opportunity
46964,06-05-2018,Unknown
10460,31-01-2021,Personal Reasons
26666,14-09-2022,Personal Reasons
7970,27-03-2021,Personal Reasons
45346,12-07-2023,Better Opportunity
28629,11-10-2025,Retirement
18685,25-08-2025,Relocation
24483,10-04-2024,Unknown
35168,24-06-2025,Unknown
8070,18-05-2024,Better Opportunity
18507,01-02-2022,Retirement
38144,13-02-2025,Personal Reasons
11047,12-04-2024,Better Opportunity
13872,19-09-2025,Better Opportunity
1026,10-08-2021,Retirement
3229,22-02-2022,Retirement
9284,24-07-2021,Personal Reasons
3314,27-09-2025,Relocation
22413,10-05-2025,Better Opportunity
32592,11-05-2025,Relocation
24067,02-09-2024,Relocation
42383,14-07-2021,Retirement
41176,07-09-2024,Better Opportunity
23484,11-05-2025,Personal Reasons
47713,30-06-2025,Personal Reasons
5016,30-04-2025,Retirement
28990,07-10-2019,Better Opportunity
34118,03-11-2021,Personal Reasons
40546,29-06-2020,Unknown
46329,19-05-2019,Personal Reasons
37847,17-09-2021,Retirement
13734,06-02-2024,Better Opportunity
10205,07-06-2019,Retirement
17162,27-11-2022,Unknown
20513,28-05-2025,Retirement
38395,21-09-2022,Relocation
5064,22-09-2024,Retirement
9266,05-12-2022,Retirement
519,23-10-2024,Relocation
36387,11-01-2025,Unknown
25948,08-01-2023,Better Opportunity
25516,16-10-2022,Better Opportunity
4065,20-12-2022,Retirement
28765,26-12-2023,Retirement
36674,12-07-2024,Unknown
34253,10-02-2025,Retirement
36996,07-05-2024,Personal Reasons
16468,21-08-2024,Personal Reasons
40783,06-09-2025,Unknown
34151,29-01-2025,Personal Reasons
2296,11-07-2018,Unknown
40502,27-01-2017,Better Opportunity
41890,03-08-2022,Personal Reasons
45829,11-05-2024,Unknown
7754,16-05-2024,Personal Reasons
16624,05-11-2021,Retirement
8223,06-07-2023,Personal Reasons
13645,11-09-2025,Better Opportunity
39784,22-08-2023,Unknown
3631,28-07-2024,Personal Reasons
31260,01-09-2025,Personal Reasons
20373,05-04-2025,Unknown
5624,17-10-2024,Better Opportunity
35799,02-06-2023,Retirement
43800,28-11-2024,Relocation
22123,09-05-2021,Better Opportunity
47855,10-02-2024,Personal Reasons
18248,04-08-2021,Better Opportunity
10828,18-07-2024,Personal Reasons
2790,04-08-2022,Unknown
11920,04-05-2025,Relocation
10507,10-06-2024,Personal Reasons
1009,17-08-2017,Better Opportunity
16225,25-06-2023,Relocation
20525,08-08-2023,Relocation
32514,21-09-2022,Better Opportunity
29671,08-04-2022,Unknown
11461,06-05-2017,Unknown
21366,22-03-2025,Better Opportunity
42883,17-01-2023,Better Opportunity
37956,30-04-2025,Better Opportunity
47272,24-08-2021,Relocation
15181,16-12-2022,Personal Reasons
5174,15-06-2025,Personal Reasons
34679,14-03-2025,Better Opportunity
39382,06-10-2025,Personal Reasons
12989,05-10-2022,Retirement
48426,22-11-2024,Retirement
9457,19-03-2025,Retirement
42813,08-07-2020,Better Opportunity
29972,05-09-2019,Retirement
16261,27-02-2022,Better Opportunity
5024,22-05-2021,Personal Reasons
16441,12-02-2024,Personal Reasons
41595,15-07-2022,Unknown
18595,12-08-2023,Personal Reasons
34376,02-06-2024,Better Opportunity
43033,15-05-2025,Retirement
20740,05-10-2025,Relocation
16411,02-06-2025,Relocation
10458,26-04-2025,Personal Reasons
22655,16-11-2024,Unknown
27931,26-05-2023,Unknown
49674,19-02-2019,Personal Reasons
40388,13-05-2024,Unknown
17399,30-10-2022,Personal Reasons
19051,19-04-2024,Unknown
36487,06-10-2021,Unknown
14015,25-03-2020,Personal Reasons
18367,10-09-2024,Relocation
11289,29-03-2025,Unknown
8614,31-03-2025,Personal Reasons
17211,29-11-2021,Relocation
19438,08-05-2024,Relocation
10120,17-08-2025,Unknown
31428,30-06-2025,Unknown
16204,10-08-2025,Unknown
21553,02-08-2020,Personal Reasons
29696,12-10-2020,Unknown
5343,04-09-2023,Better Opportunity
22929,31-12-2019,Unknown
13013,28-10-2024,Relocation
3555,19-02-2025,Relocation
27071,09-03-2025,Unknown
27092,10-10-2024,Relocation
34666,23-02-2021,Unknown
24633,03-10-2021,Unknown
12216,29-12-2018,Retirement
46102,16-07-2024,Relocation
23190,05-09-2019,Personal Reasons
19110,02-03-2022,Personal Reasons
8879,09-08-2020,Personal Reasons
6553,08-03-2025,Relocation
281,04-02-2025,Personal Reasons
45913,11-04-2023,Retirement
3319,12-06-2021,Personal Reasons
33407,28-06-2023,Retirement
11547,10-12-2024,Personal Reasons
23745,05-02-2025,Relocation
6761,05-01-2020,Unknown
10958,12-06-2025,Retirement
31320,24-12-2024,Retirement
9854,15-12-2021,Personal Reasons
1010,22-09-2025,Unknown
23072,15-12-2023,Unknown
28987,16-11-2024,Unknown
26807,29-11-2023,Unknown
14882,10-06-2021,Better Opportunity
46749,15-05-2024,Retirement
17716,11-01-2025,Relocation
10243,25-11-2022,Relocation
46478,10-10-2021,Relocation
12109,30-12-2024,Retirement
6180,27-06-2025,Unknown
4983,27-04-2025,Relocation
40205,14-12-2023,Better Opportunity
42661,17-12-2024,Personal Reasons
26582,28-05-2025,Personal Reasons
48978,27-06-2021,Better Opportunity
10165,13-12-2021,Retirement
4914,12-02-2023,Personal Reasons
26287,14-02-2025,Personal Reasons
644,23-06-2022,Retirement
2933,06-06-2021,Retirement
11396,13-04-2020,Unknown
27214,13-03-2024,Unknown
46113,03-07-2019,Better Opportunity
42008,02-07-2022,Better Opportunity
6818,15-01-2019,Relocation
15319,25-04-2023,Unknown
385,17-09-2023,Retirement
38231,29-12-2019,Retirement
28476,29-09-2023,Personal Reasons
19799,29-08-2025,Retirement
43720,22-06-2020,Unknown
37904,10-07-2024,Personal Reasons
42034,09-03-2023,Retirement
24927,19-07-2024,Better Opportunity
24452,10-03-2023,Better Opportunity
6378,23-03-2024,Retirement
36213,16-02-2020,Personal Reasons
20569,09-04-2024,Unknown
14289,27-07-2025,Better Opportunity
22961,11-05-2025,Retirement
39052,14-08-2019,Better Opportunity
16286,22-08-2023,Personal Reasons
20682,07-11-2021,Personal Reasons
33771,07-08-2025,Relocation
17363,03-01-2019,Relocation
26240,28-09-2025,Retirement
12808,12-05-2020,Retirement
24590,28-08-2025,Retirement
37625,17-06-2018,Retirement
49548,17-01-2021,Unknown
35735,21-01-2022,Better Opportunity
23598,22-06-2022,Retirement
550,28-08-2022,Unknown
10430,15-08-2025,Retirement
38634,10-04-2025,Unknown
19683,09-07-2021,Better Opportunity
9990,05-08-2024,Relocation
33046,13-04-2024,Relocation
47575,30-10-2020,Unknown
47765,14-11-2024,Retirement
36691,20-03-2019,Relocation
21629,06-05-2020,Retirement
43297,05-07-2022,Relocation
8092,08-06-2025,Unknown
45968,12-10-2019,Better Opportunity
18288,02-06-2024,Unknown
38592,14-08-2025,Relocation
17649,14-04-2024,Relocation
14393,29-02-2020,Personal Reasons
26485,27-09-2018,Retirement
15966,09-04-2019,Better Opportunity
37062,05-10-2023,Unknown
28665,31-01-2024,Better Opportunity
3177,19-09-2025,Unknown
47047,21-09-2025,Personal Reasons
3647,26-10-2022,Unknown
12902,02-12-2024,Personal Reasons
28722,14-07-2024,Better Opportunity
27343,24-07-2018,Unknown
21978,26-04-2019,Unknown
25712,14-03-2022,Relocation
10780,21-04-2025,Better Opportunity
36502,18-02-2017,Personal Reasons
20753,15-12-2020,Unknown
37470,23-01-2024,Retirement
7847,18-08-2020,Relocation
38299,07-11-2024,Unknown
33233,29-12-2023,Relocation
43025,30-11-2019,Personal Reasons
48289,06-10-2024,Retirement
1498,14-07-2022,Unknown
9642,04-04-2023,Better Opportunity
21103,31-10-2021,Relocation
28398,26-11-2018,Relocation
25542,29-08-2025,Unknown
24237,06-06-2022,Relocation
23334,26-08-2024,Personal Reasons
22011,24-03-2023,Personal Reasons
34799,09-09-2025,Personal Reasons
25453,02-12-2020,Unknown
3839,30-07-2025,Personal Reasons
8529,19-09-2022,Better Opportunity
36630,04-10-2025,Retirement
47102,18-06-2024,Unknown
11490,12-02-2021,Retirement
47722,10-04-2024,Better Opportunity
31560,25-06-2021,Personal Reasons
42174,16-09-2023,Retirement
14432,05-03-2024,Relocation
37949,13-06-2022,Relocation
17511,11-06-2025,Retirement
31324,28-07-2019,Relocation
49837,12-03-2025,Unknown
1799,30-06-2025,Unknown
22303,18-08-2024,Better Opportunity
2335,15-04-2017,Relocation
17034,08-06-2025,Retirement
24692,06-06-2023,Relocation
42356,20-09-2025,Retirement
7814,05-07-2022,Relocation
37572,01-09-2025,Better Opportunity
20034,24-05-2023,Retirement
38276,03-10-2024,Retirement
20089,23-01-2025,Unknown
49364,14-11-2017,Unknown
16737,30-09-2024,Personal Reasons
33547,06-05-2024,Retirement
25551,26-05-2019,Retirement
9729,30-01-2025,Relocation
19153,21-08-2021,Better Opportunity
10074,19-05-2024,Personal Reasons
32273,18-03-2025,Better Opportunity
47336,27-06-2019,Personal Reasons
96,17-02-2025,Better Opportunity
48371,09-07-2020,Better Opportunity
14457,30-04-2024,Better Opportunity
18403,20-02-2025,Better Opportunity
47021,04-11-2023,Relocation
24142,08-08-2024,Relocation
8237,06-06-2022,Personal Reasons
39859,18-08-2019,Relocation
9251,06-05-2017,Personal Reasons
32493,01-08-2025,Relocation
11021,31-01-2025,Personal Reasons
16207,12-07-2024,Retirement
21043,26-03-2024,Unknown
9785,27-03-2025,Unknown
8080,24-11-2019,Personal Reasons
33927,25-07-2023,Relocation
3269,19-05-2024,Better Opportunity
45843,08-10-2025,Better Opportunity
27053,19-08-2025,Unknown
5610,22-10-2022,Retirement
13978,12-07-2025,Retirement
40925,11-05-2024,Relocation
11757,24-04-2020,Personal Reasons
38550,09-05-2025,Better Opportunity
49107,23-05-2024,Unknown
24097,21-06-2025,Retirement
1294,10-01-2022,Relocation
3047,12-01-2021,Unknown
12377,26-04-2024,Unknown
32839,16-03-2024,Unknown
15896,19-08-2023,Better Opportunity
11058,17-05-2023,Personal Reasons
13017,03-04-2025,Retirement
5704,27-12-2022,Personal Reasons
32688,01-12-2023,Relocation
34234,10-03-2023,Relocation
25408,04-09-2025,Personal Reasons
27248,07-11-2022,Relocation
20962,08-07-2023,Relocation
8732,06-10-2025,Unknown
48858,07-02-2025,Personal Reasons
33663,30-09-2023,Retirement
15190,16-11-2023,Personal Reasons
23046,23-05-2021,Retirement
29819,01-05-2025,Unknown
19592,03-06-2023,Retirement
33238,24-06-2022,Retirement
29103,14-03-2024,Personal Reasons
935,24-04-2022,Relocation
11120,05-12-2020,Retirement
6564,08-09-2023,Unknown
7130,29-07-2025,Unknown
27865,21-07-2025,Personal Reasons
25118,15-09-2024,Better Opportunity
14502,12-09-2025,Better Opportunity
30920,30-09-2025,Unknown
17517,02-11-2023,Retirement
7004,10-08-2021,Unknown
29878,13-11-2022,Unknown
20489,19-09-2023,Better Opportunity
5780,24-05-2022,Unknown
18765,31-08-2025,Unknown
39245,30-09-2023,Relocation
41616,09-02-2025,Retirement
7581,24-04-2019,Better Opportunity
30798,19-02-2025,Retirement
27578,21-09-2023,Better Opportunity
20184,20-09-2018,Unknown
19142,08-08-2024,Personal Reasons
37331,17-02-2024,Better Opportunity
26551,19-04-2025,Better Opportunity
14722,04-01-2024,Relocation
8082,11-10-2022,Personal Reasons
28247,05-05-2022,Relocation
15766,17-06-2020,Unknown
16224,08-11-2023,Personal Reasons
6674,15-02-2020,Unknown
45392,02-08-2023,Better Opportunity
38045,18-01-2022,Better Opportunity
34462,13-11-2023,Personal Reasons
37350,14-07-2021,Unknown
8440,08-09-2025,Unknown
31735,14-05-2024,Retirement
19663,27-06-2025,Better Opportunity
16398,28-03-2025,Personal Reasons
2093,13-05-2025,Better Opportunity
47303,22-04-2022,Better Opportunity
49475,16-05-2025,Better Opportunity
15537,01-08-2021,Relocation
19194,07-12-2023,Better Opportunity
42976,27-08-2021,Relocation
21076,10-10-2022,Better Opportunity
25310,10-04-2025,Better Opportunity
3487,17-11-2024,Retirement
27851,04-05-2025,Personal Reasons
17144,08-10-2019,Unknown
35633,04-02-2025,Personal Reasons
40122,17-01-2023,Relocation
43537,15-10-2023,Personal Reasons
30400,22-11-2021,Relocation
31590,02-04-2024,Better Opportunity
10091,19-04-2025,Unknown
46657,10-09-2025,Better Opportunity
35821,16-05-2017,Personal Reasons
44142,21-04-2021,Relocation
2434,05-05-2023,Better Opportunity
43636,25-07-2025,Relocation
8026,16-09-2019,Better Opportunity
30385,28-01-2025,Personal Reasons
1902,27-12-2021,Relocation
39273,31-07-2022,Relocation
41729,31-12-2021,Retirement
22479,30-05-2023,Personal Reasons
37972,11-01-2024,Relocation
2408,05-07-2019,Retirement
22825,15-10-2023,Unknown
39599,17-04-2025,Better Opportunity
21168,18-03-2021,Personal Reasons
8510,14-07-2025,Retirement
26927,31-10-2022,Unknown
30054,30-09-2023,Personal Reasons
21808,20-07-2023,Personal Reasons
31866,26-08-2019,Relocation
4785,06-08-2025,Personal Reasons
49993,13-12-2024,Retirement
5223,20-09-2024,Retirement
5889,14-12-2023,Retirement
45220,11-06-2025,Better Opportunity
24266,29-03-2025,Relocation
44094,22-01-2023,Unknown
611,19-09-2025,Unknown
7257,02-07-2024,Relocation
24458,13-10-2020,Personal Reasons
9218,29-05-2025,Personal Reasons
26115,10-04-2025,Relocation
46600,24-04-2025,Personal Reasons
19666,17-03-2023,Better Opportunity
39470,06-05-2025,Relocation
19800,05-05-2021,Unknown
37384,13-08-2022,Unknown
15010,11-07-2024,Relocation
2859,24-04-2024,Personal Reasons
12068,20-12-2023,Personal Reasons
48682,19-01-2025,Unknown
20853,27-07-2021,Unknown
45989,01-09-2025,Unknown
27355,13-04-2025,Personal Reasons
36506,10-03-2025,Unknown
17782,25-05-2020,Retirement
45792,12-01-2025,Unknown
44398,05-10-2025,Retirement
31264,04-08-2021,Unknown
38092,05-06-2023,Retirement
45914,11-11-2022,Relocation
31788,12-06-2025,Unknown
7026,04-03-2025,Personal Reasons
24568,12-12-2023,Better Opportunity
6453,23-10-2023,Relocation
44421,07-03-2022,Unknown
11897,24-03-2024,Better Opportunity
34656,18-04-2024,Retirement
29155,19-07-2025,Relocation
38836,13-12-2024,Retirement
42128,09-12-2024,Retirement
2844,04-08-2025,Retirement
18276,24-09-2025,Relocation
31901,03-02-2024,Better Opportunity
21807,21-08-2022,Unknown
49858,27-08-2025,Better Opportunity
2989,10-02-2022,Retirement
49480,18-03-2024,Better Opportunity
1267,27-05-2017,Unknown
22410,28-03-2020,Better Opportunity
7073,12-12-2019,Retirement
544,27-02-2019,Unknown
47896,23-09-2023,Personal Reasons
6892,10-05-2023,Personal Reasons
24397,11-07-2024,Relocation
32207,02-10-2025,Personal Reasons
39886,06-06-2021,Better Opportunity
19459,17-07-2024,Relocation
31922,06-10-2023,Better Opportunity
6597,29-03-2019,Relocation
13707,20-12-2024,Relocation
13159,01-09-2022,Personal Reasons
10354,20-08-2025,Retirement
3838,31-05-2020,Better Opportunity
6546,25-12-2024,Unknown
38830,08-04-2019,Better Opportunity
35367,12-04-2023,Better Opportunity
39776,15-12-2020,Retirement
44181,26-07-2021,Personal Reasons
42370,01-01-2021,Relocation
48725,06-03-2025,Relocation
22181,05-02-2023,Better Opportunity
5511,06-08-2025,Better Opportunity
15256,19-03-2024,Better Opportunity
25316,29-09-2025,Better Opportunity
30070,18-09-2023,Relocation
33689,26-08-2023,Unknown
46509,14-04-2025,Unknown
9421,21-01-2024,Unknown
29360,06-02-2018,Better Opportunity
27963,11-04-2025,Retirement
15789,07-09-2025,Personal Reasons
14659,08-07-2020,Retirement
39414,25-10-2024,Better Opportunity
7405,18-11-2024,Unknown
10094,28-02-2022,Relocation
1157,29-04-2023,Unknown
12324,18-03-2024,Better Opportunity
4389,24-03-2023,Better Opportunity
7904,09-04-2019,Unknown
29425,08-03-2024,Unknown
37128,24-05-2025,Personal Reasons
31253,17-09-2022,Relocation
30384,30-04-2021,Unknown
15752,15-10-2018,Better Opportunity
14944,21-11-2023,Unknown
18702,12-05-2022,Retirement
25531,09-05-2020,Retirement
37294,08-08-2020,Retirement
37631,26-06-2023,Relocation
45520,13-06-2023,Better Opportunity
39130,02-02-2023,Unknown
38586,02-07-2025,Retirement
33679,20-01-2024,Retirement
5293,05-05-2021,Unknown
36941,01-01-2025,Retirement
24964,06-01-2025,Personal Reasons
10674,30-07-2025,Personal Reasons
28684,25-09-2025,Personal Reasons
26691,05-10-2024,Better Opportunity
10849,24-11-2021,Relocation
17643,24-03-2025,Better Opportunity
40410,19-05-2021,Unknown
47140,14-03-2025,Relocation
49619,03-11-2023,Relocation
30089,09-07-2022,Personal Reasons
5716,02-10-2025,Personal Reasons
36813,04-11-2024,Unknown
48122,19-09-2023,Relocation
22721,22-04-2025,Unknown
36215,18-10-2020,Relocation
7868,30-09-2025,Retirement
16744,06-07-2024,Personal Reasons
5897,12-05-2025,Unknown
10419,02-06-2024,Unknown
27042,12-09-2022,Relocation
13819,29-11-2019,Personal Reasons
42595,28-01-2018,Personal Reasons
16244,03-09-2023,Better Opportunity
23525,18-06-2020,Personal Reasons
40659,16-09-2020,Relocation
1305,19-10-2022,Relocation
37311,12-07-2025,Relocation
30670,09-08-2024,Personal Reasons
23754,15-08-2024,Unknown
45030,15-05-2025,Retirement
43007,14-04-2024,Personal Reasons
46205,28-08-2024,Retirement
45040,28-07-2022,Personal Reasons
38127,11-07-2023,Better Opportunity
42777,11-10-2025,Personal Reasons
13904,06-12-2024,Retirement
26246,30-01-2023,Personal Reasons
37189,20-11-2021,Personal Reasons
24512,03-07-2023,Better Opportunity
12597,19-07-2019,Retirement
16452,26-03-2024,Personal Reasons
36111,07-06-2017,Personal Reasons
34099,12-02-2024,Personal Reasons
12239,31-07-2023,Retirement
26627,06-03-2025,Unknown
21115,02-12-2022,Personal Reasons
8648,21-04-2023,Unknown
5330,05-02-2025,Relocation
18310,01-10-2021,Personal Reasons
48120,18-09-2025,Unknown
21395,08-02-2024,Unknown
16316,23-07-2024,Better Opportunity
10452,06-12-2021,Personal Reasons
23039,17-03-2025,Personal Reasons
27478,21-08-2024,Unknown
14986,13-09-2023,Better Opportunity
12961,17-06-2024,Relocation
26442,17-12-2024,Retirement
1507,12-09-2025,Unknown
41631,07-05-2025,Unknown
31161,17-03-2025,Personal Reasons
16951,31-07-2020,Retirement
19516,11-10-2025,Retirement
46341,21-08-2024,Personal Reasons
46295,20-09-2025,Retirement
33069,14-04-2019,Relocation
43266,18-04-2024,Retirement
37413,09-03-2022,Better Opportunity
45193,14-06-2025,Relocation
16679,29-07-2025,Better Opportunity
9826,22-10-2020,Relocation
29583,21-01-2023,Relocation
12852,11-10-2025,Retirement
49725,03-03-2025,Unknown
388,13-09-2024,Better Opportunity
7757,18-12-2024,Better Opportunity
43290,05-05-2022,Personal Reasons
19043,18-03-2025,Unknown
3810,14-09-2023,Better Opportunity
31629,17-05-2025,Personal Reasons
2781,01-01-2025,Better Opportunity
33957,19-08-2025,Unknown
25239,06-10-2025,Retirement
34127,22-12-2024,Retirement
30392,20-06-2025,Personal Reasons
28006,11-12-2023,Relocation
14604,22-12-2024,Better Opportunity
9761,01-01-2023,Personal Reasons
19326,06-09-2024,Personal Reasons
49585,20-09-2023,Better Opportunity
27051,16-10-2023,Relocation
35617,06-09-2025,Relocation
14845,22-08-2022,Unknown
36057,30-08-2023,Unknown
31119,04-01-2023,Unknown
8887,28-02-2025,Personal Reasons
49755,02-04-2023,Unknown
47956,15-06-2025,Unknown
13169,23-02-2025,Relocation
18053,28-02-2025,Retirement
1271,24-09-2025,Personal Reasons
48308,25-02-2023,Retirement
28747,22-12-2023,Unknown
34091,17-01-2021,Retirement
18834,13-05-2017,Relocation
11329,03-10-2025,Better Opportunity
31183,08-11-2020,Retirement
48373,16-06-2020,Relocation
21705,04-12-2024,Retirement
13871,22-02-2025,Personal Reasons
3699,24-10-2019,Unknown
16057,19-05-2019,Relocation
41754,24-06-2021,Better Opportunity
7823,24-09-2025,Better Opportunity
20483,30-09-2024,Better Opportunity
6900,27-03-2025,Personal Reasons
21827,10-03-2023,Unknown
45840,10-05-2024,Relocation
13465,13-06-2016,Retirement
21538,24-06-2021,Better Opportunity
25827,30-07-2025,Better Opportunity
39977,16-10-2024,Better Opportunity
43893,29-12-2017,Retirement
42975,08-08-2024,Retirement
834,03-02-2024,Better Opportunity
26440,28-01-2018,Personal Reasons
21749,25-05-2021,Retirement
9397,12-01-2023,Relocation
15993,14-09-2022,Better Opportunity
16890,31-05-2024,Retirement
9017,04-05-2018,Retirement
20189,12-10-2024,Unknown
36368,25-01-2021,Personal Reasons
24251,10-05-2025,Personal Reasons
837,18-03-2019,Better Opportunity
38718,19-09-2020,Retirement
44262,24-05-2018,Better Opportunity
39773,12-09-2025,Personal Reasons
40982,05-03-2022,Relocation
15576,08-08-2024,Unknown
7494,09-08-2021,Retirement
18370,15-06-2025,Unknown
32794,10-08-2023,Relocation
11659,21-04-2025,Unknown
44976,20-12-2018,Relocation
21017,14-10-2021,Better Opportunity
14586,11-08-2024,Personal Reasons
44212,02-05-2025,Better Opportunity
22148,27-06-2025,Better Opportunity
7311,03-06-2025,Unknown
16761,25-03-2025,Unknown
39299,20-12-2024,Unknown
31340,31-05-2024,Unknown
39012,03-09-2024,Unknown
2075,28-10-2020,Personal Reasons
40367,14-05-2025,Retirement
34070,11-10-2025,Retirement
3764,15-04-2024,Retirement
25580,20-06-2024,Better Opportunity
36247,19-09-2022,Better Opportunity
37970,26-06-2019,Relocation
3701,30-04-2025,Better Opportunity
15112,30-03-2022,Personal Reasons
13267,08-05-2022,Retirement
29535,07-11-2023,Unknown
39349,09-01-2022,Personal Reasons
46124,19-06-2022,Better Opportunity
12651,28-06-2022,Better Opportunity
12367,22-12-2018,Better Opportunity
31437,23-09-2023,Relocation
11717,23-04-2024,Unknown
21692,30-05-2020,Better Opportunity
12485,24-09-2022,Unknown
15081,11-11-2023,Retirement
9167,23-08-2024,Unknown
9200,14-06-2021,Unknown
45626,10-07-2022,Better Opportunity
31718,28-06-2025,Relocation
11352,09-07-2023,Relocation
19048,15-11-2022,Relocation
5896,31-05-2022,Personal Reasons
20166,01-05-2025,Unknown
24780,18-07-2025,Better Opportunity
15454,03-11-2024,Better Opportunity
19241,27-07-2025,Personal Reasons
42745,09-01-2024,Retirement
8287,12-12-2022,Relocation
4394,24-02-2023,Relocation
24441,16-10-2024,Relocation
12480,24-09-2021,Unknown
2928,10-09-2024,Relocation
8135,07-10-2025,Personal Reasons
17312,23-07-2020,Retirement
9208,17-09-2023,Personal Reasons
29959,01-05-2021,Personal Reasons
326,14-03-2019,Unknown
25376,01-03-2022,Relocation
47267,23-09-2025,Personal Reasons
16031,05-08-2025,Relocation
9175,27-02-2019,Relocation
9491,29-03-2024,Better Opportunity
14470,23-07-2020,Relocation
38560,05-10-2018,Relocation
11846,19-04-2023,Personal Reasons
15085,07-10-2021,Relocation
10092,22-09-2023,Retirement
17182,18-08-2023,Retirement
26433,15-06-2022,Unknown
25836,07-10-2023,Unknown
2502,23-06-2024,Retirement
11481,06-01-2023,Better Opportunity
10038,22-02-2024,Unknown
15782,23-05-2025,Retirement
49019,20-02-2023,Retirement
7164,17-05-2025,Relocation
27041,13-04-2023,Personal Reasons
24403,03-01-2024,Better Opportunity
31289,23-07-2024,Better Opportunity
10076,20-12-2024,Relocation
40396,28-11-2024,Unknown
20155,07-09-2025,Better Opportunity
9236,13-02-2025,Relocation
26610,07-10-2021,Unknown
28236,27-04-2020,Retirement
18546,02-04-2025,Personal Reasons
17591,24-01-2024,Personal Reasons
30356,28-08-2021,Relocation
19935,30-01-2021,Relocation
24146,26-03-2022,Relocation
31616,06-01-2022,Personal Reasons
36730,02-11-2019,Better Opportunity
30908,06-10-2025,Unknown
46739,01-05-2020,Personal Reasons
45474,18-09-2022,Retirement
38196,08-08-2020,Better Opportunity
13106,06-06-2023,Personal Reasons
871,26-11-2020,Better Opportunity
33275,06-01-2022,Better Opportunity
25878,09-12-2021,Unknown
21065,07-07-2025,Better Opportunity
38405,26-12-2018,Better Opportunity
45831,19-02-2024,Better Opportunity
32536,01-10-2025,Retirement
30130,03-05-2019,Retirement
27513,02-08-2021,Relocation
40440,18-11-2023,Personal Reasons
35477,01-05-2025,Personal Reasons
28634,16-05-2024,Personal Reasons
33374,04-08-2025,Unknown
15439,09-01-2020,Better Opportunity
16396,29-08-2024,Unknown
47192,08-09-2025,Unknown
38233,12-03-2025,Unknown
31485,18-12-2022,Better Opportunity
13131,01-04-2025,Better Opportunity
604,08-10-2024,Unknown
9891,05-02-2025,Unknown
15107,30-11-2019,Better Opportunity
19748,13-12-2024,Better Opportunity
23547,07-06-2019,Retirement
10104,07-08-2022,Personal Reasons
5437,21-06-2023,Personal Reasons
47817,21-05-2019,Unknown
12077,03-05-2024,Relocation
11652,24-03-2023,Unknown
25327,21-03-2025,Better Opportunity
8203,12-09-2025,Retirement
26776,24-05-2024,Unknown
32482,28-10-2024,Retirement
26545,23-08-2022,Relocation
14850,09-04-2025,Retirement
22718,12-03-2022,Retirement
27072,02-03-2025,Better Opportunity
20545,28-06-2017,Unknown
12110,28-08-2025,Better Opportunity
23558,24-09-2023,Personal Reasons
39404,05-06-2023,Better Opportunity
44636,19-06-2023,Unknown
19068,24-08-2022,Relocation
36561,14-04-2019,Relocation
22437,05-06-2022,Unknown
38903,15-07-2025,Relocation
47677,22-01-2021,Better Opportunity
12973,28-08-2024,Retirement
12237,15-04-2019,Unknown
10005,10-08-2022,Personal Reasons
47658,31-03-2024,Better Opportunity
5899,07-05-2023,Unknown
11337,24-05-2022,Unknown
12748,01-05-2024,Personal Reasons
30213,15-08-2024,Relocation
49849,12-02-2021,Retirement
47378,14-07-2018,Unknown
17572,29-01-2020,Unknown
28272,27-04-2021,Better Opportunity
32449,12-05-2020,Personal Reasons
43130,29-09-2022,Personal Reasons
32827,12-08-2019,Unknown
44764,01-02-2020,Personal Reasons
18560,18-08-2024,Better Opportunity
24765,07-07-2023,Unknown
23461,02-03-2021,Unknown
20386,04-04-2019,Unknown
39513,04-03-2024,Unknown
35226,26-07-2021,Better Opportunity
49382,21-11-2020,Retirement
9081,09-10-2023,Retirement
23058,20-02-2022,Relocation
28062,05-01-2022,Unknown
22925,24-12-2023,Better Opportunity
44898,14-04-2022,Retirement
25743,17-02-2021,Relocation
7016,29-07-2025,Relocation
48699,14-07-2025,Retirement
1413,12-04-2025,Personal Reasons
1704,26-02-2021,Retirement
38538,21-04-2025,Personal Reasons
47761,31-12-2019,Retirement
30081,21-08-2020,Personal Reasons
34934,26-06-2024,Unknown
29769,01-08-2024,Unknown
31906,01-02-2025,Personal Reasons
16830,20-06-2025,Personal Reasons
17132,11-07-2022,Relocation
31511,24-07-2020,Relocation
22044,14-12-2022,Personal Reasons
23043,29-03-2025,Better Opportunity
42268,10-11-2021,Relocation
31670,24-09-2019,Better Opportunity
15891,22-09-2024,Unknown
48086,17-02-2017,Retirement
28182,02-11-2022,Retirement
37977,21-12-2024,Retirement
41448,05-09-2023,Personal Reasons
1258,06-05-2022,Personal Reasons
43981,11-09-2020,Personal Reasons
7631,08-06-2023,Unknown
26038,30-11-2024,Relocation
3866,29-06-2025,Personal Reasons
22911,13-02-2023,Relocation
20833,14-11-2024,Better Opportunity
12840,03-10-2025,Better Opportunity
48176,16-03-2024,Personal Reasons
17097,14-10-2024,Personal Reasons
25071,13-01-2024,Retirement
23896,04-07-2025,Unknown
27895,13-02-2023,Better Opportunity
5468,03-10-2025,Retirement
21952,17-09-2024,Relocation
5865,23-06-2024,Retirement
17770,19-04-2021,Relocation
29724,08-09-2018,Relocation
29375,03-10-2025,Retirement
29063,24-05-2024,Retirement
6982,27-11-2023,Unknown
48194,24-09-2022,Personal Reasons
13677,04-09-2025,Personal Reasons
6222,21-10-2022,Relocation
33549,02-04-2025,Retirement
36576,18-09-2021,Personal Reasons
4897,20-04-2022,Unknown
4622,26-04-2025,Better Opportunity
25556,07-07-2018,Retirement
3484,19-09-2023,Personal Reasons
26113,10-05-2020,Personal Reasons
47186,03-05-2024,Unknown
3582,09-06-2025,Personal Reasons
47273,31-12-2024,Personal Reasons
21108,23-03-2023,Unknown
41108,06-10-2023,Relocation
9254,06-01-2024,Better Opportunity
18209,09-09-2022,Personal Reasons
1883,17-03-2022,Personal Reasons
17599,07-03-2025,Retirement
18137,24-05-2024,Personal Reasons
31382,06-05-2024,Relocation
14163,08-05-2025,Personal Reasons
39689,20-12-2022,Personal Reasons
34642,17-11-2021,Personal Reasons
35218,30-09-2023,Relocation
38422,10-05-2024,Personal Reasons
26351,27-02-2023,Better Opportunity
28744,29-05-2024,Retirement
47291,05-09-2025,Retirement
22605,08-07-2025,Retirement
16488,01-12-2023,Personal Reasons
2777,06-09-2023,Personal Reasons
43543,26-01-2023,Unknown
727,14-03-2021,Retirement
36069,20-03-2023,Relocation
45936,02-10-2025,Personal Reasons
8587,13-05-2025,Retirement
22292,07-07-2020,Retirement
31525,23-09-2024,Unknown
30890,11-09-2019,Personal Reasons
25402,28-05-2016,Retirement
765,11-09-2025,Retirement
7564,07-09-2021,Relocation
41511,22-09-2018,Relocation
43411,01-02-2020,Better Opportunity
17184,06-10-2025,Unknown
37885,03-08-2021,Better Opportunity
27157,08-05-2024,Retirement
3791,16-12-2023,Relocation
43921,21-04-2024,Unknown
42553,30-11-2023,Unknown
25260,22-02-2021,Retirement
4870,15-09-2024,Retirement
47466,16-09-2019,Better Opportunity
20693,29-01-2023,Relocation
31802,09-11-2021,Retirement
946,14-09-2025,Personal Reasons
8606,12-04-2023,Personal Reasons
31095,28-01-2022,Personal Reasons
1629,15-01-2022,Better Opportunity
49476,07-02-2025,Relocation
34565,27-07-2023,Unknown
38460,12-03-2024,Personal Reasons
47852,04-06-2024,Retirement
44822,23-02-2017,Personal Reasons
2525,29-06-2025,Relocation
40620,16-06-2025,Relocation
5959,31-07-2023,Relocation
11268,03-09-2023,Retirement
4111,21-06-2025,Retirement
43309,25-08-2025,Better Opportunity
5347,13-03-2024,Unknown
22638,23-03-2022,Unknown
46493,30-03-2021,Better Opportunity
17280,12-10-2022,Better Opportunity
12282,20-04-2025,Better Opportunity
44274,24-02-2020,Unknown
20017,06-10-2024,Unknown
414,12-09-2021,Unknown
34071,20-04-2020,Retirement
1251,17-09-2025,Retirement
12193,04-03-2024,Relocation
2361,07-03-2025,Better Opportunity
14119,11-09-2022,Better Opportunity
8208,23-12-2023,Better Opportunity
19172,23-07-2024,Unknown
45985,03-03-2017,Retirement
23243,26-09-2023,Relocation
23350,24-01-2023,Better Opportunity
44402,19-09-2023,Better Opportunity
45962,01-09-2021,Relocation
39831,13-06-2025,Relocation
30483,12-10-2021,Better Opportunity
29070,05-02-2022,Personal Reasons
42495,14-11-2018,Relocation
10285,26-05-2024,Better Opportunity
29918,28-03-2022,Better Opportunity
45593,09-01-2025,Unknown
28401,22-07-2024,Retirement
37244,28-04-2023,Better Opportunity
25173,22-05-2022,Retirement
15902,14-10-2021,Unknown
2300,12-03-2025,Better Opportunity
20988,15-09-2025,Retirement
3444,29-04-2018,Relocation
47449,12-01-2024,Retirement
46354,24-07-2025,Relocation
7610,11-10-2025,Retirement
35509,04-06-2021,Retirement
38359,11-10-2022,Personal Reasons
48127,21-03-2023,Unknown
6987,17-03-2025,Unknown
38504,01-08-2024,Relocation
32899,03-06-2025,Retirement
44279,28-07-2025,Retirement
7265,17-03-2025,Unknown
22738,07-01-2018,Better Opportunity
30875,24-11-2020,Relocation
8019,19-09-2025,Retirement
43150,10-07-2025,Personal Reasons
23595,12-10-2020,Relocation
20763,06-09-2025,Relocation
44742,14-08-2025,Unknown
31750,04-09-2025,Better Opportunity
48294,17-07-2024,Unknown
2305,12-08-2022,Better Opportunity
47182,03-08-2024,Relocation
3683,13-06-2024,Retirement
28667,20-01-2025,Personal Reasons
36089,27-09-2019,Unknown
38755,09-09-2025,Retirement
14625,25-12-2020,Retirement
33359,16-09-2025,Relocation
35344,28-08-2025,Unknown
40008,19-09-2023,Retirement
1512,20-11-2023,Relocation
34766,14-10-2023,Personal Reasons
34089,22-09-2025,Better Opportunity
2354,04-04-2016,Personal Reasons
21146,21-04-2021,Retirement
12623,24-04-2023,Personal Reasons
5534,12-03-2023,Relocation
26964,11-09-2025,Unknown
48587,05-07-2021,Retirement
37044,09-04-2025,Relocation
41550,15-03-2021,Relocation
33477,27-11-2023,Unknown
23076,21-01-2019,Retirement
7030,09-06-2024,Retirement
23104,13-10-2024,Relocation
38098,14-07-2024,Retirement
3652,09-12-2016,Unknown
8981,27-09-2025,Retirement
32943,01-02-2022,Personal Reasons
43649,30-12-2016,Personal Reasons
22511,11-12-2016,Retirement
36342,25-11-2024,Better Opportunity
9452,12-02-2025,Relocation
39807,06-03-2024,Retirement
15555,20-10-2021,Retirement
48033,23-12-2024,Personal Reasons
14082,13-09-2021,Retirement
9119,03-01-2022,Retirement
15493,02-09-2025,Personal Reasons
45166,06-12-2024,Retirement
40370,04-11-2024,Relocation
32174,02-02-2019,Personal Reasons
185,11-03-2018,Retirement
31304,19-02-2025,Better Opportunity
15229,11-06-2025,Relocation
35932,05-12-2020,Retirement
37046,24-04-2024,Better Opportunity
785,30-09-2025,Better Opportunity
31353,11-04-2023,Relocation
9697,22-08-2025,Retirement
29916,09-03-2024,Relocation
20354,20-12-2024,Retirement
1779,27-09-2025,Unknown
6220,21-01-2024,Better Opportunity
46242,09-01-2020,Retirement
17939,28-07-2021,Relocation
13213,11-07-2025,Better Opportunity
5539,03-05-2025,Relocation
767,03-05-2021,Relocation
15949,24-09-2025,Relocation
34784,29-05-2025,Better Opportunity
25046,03-08-2025,Better Opportunity
23824,05-11-2024,Relocation
21069,14-03-2019,Better Opportunity
4788,31-05-2025,Better Opportunity
15339,06-10-2019,Personal Reasons
12308,26-02-2021,Relocation
39334,15-06-2022,Better Opportunity
37590,11-01-2024,Retirement
40970,26-09-2025,Better Opportunity
41564,05-04-2017,Relocation
33483,24-01-2022,Personal Reasons
21690,03-05-2022,Better Opportunity
25241,02-04-2025,Better Opportunity
4042,06-11-2024,Unknown
47801,22-10-2018,Unknown
41909,24-04-2025,Retirement
41917,13-07-2018,Unknown
38466,14-10-2021,Retirement
12069,01-04-2025,Better Opportunity
40602,05-03-2025,Relocation
35733,09-12-2024,Better Opportunity
9223,29-07-2018,Unknown
14908,08-06-2018,Better Opportunity
35556,20-09-2023,Personal Reasons
21686,03-06-2025,Personal Reasons
14580,24-11-2021,Better Opportunity
14177,20-09-2025,Better Opportunity
42795,24-05-2022,Unknown
23926,21-01-2024,Better Opportunity
31681,05-09-2024,Relocation
42170,12-07-2025,Retirement
42088,13-07-2022,Personal Reasons
15628,02-07-2025,Relocation
13817,07-10-2024,Relocation
22082,02-07-2018,Personal Reasons
13005,12-07-2020,Personal Reasons
21866,14-06-2025,Personal Reasons
23801,07-09-2025,Personal Reasons
35381,25-06-2019,Retirement
16857,10-08-2025,Unknown
41498,13-06-2018,Unknown
35178,15-03-2018,Retirement
41413,19-07-2025,Relocation
36877,01-04-2024,Personal Reasons
31188,25-06-2021,Personal Reasons
38511,24-10-2019,Better Opportunity
6108,22-10-2023,Relocation
12150,11-05-2024,Retirement
32053,08-05-2024,Unknown
3830,28-07-2025,Better Opportunity
4688,19-06-2024,Unknown
12873,13-09-2023,Unknown
25076,03-12-2024,Better Opportunity
316,10-08-2025,Relocation
45590,10-08-2025,Relocation
20828,21-12-2020,Unknown
43092,12-04-2020,Better Opportunity
33585,12-07-2024,Personal Reasons
28549,26-09-2025,Better Opportunity
2053,06-10-2025,Personal Reasons
29750,17-10-2024,Unknown
37929,12-06-2025,Personal Reasons
46986,12-01-2018,Better Opportunity
44496,21-03-2025,Retirement
24612,06-10-2025,Relocation
37281,23-06-2024,Relocation
7614,17-05-2023,Retirement
11802,14-11-2020,Better Opportunity
21577,07-10-2025,Better Opportunity
670,10-01-2025,Retirement
25782,21-12-2023,Unknown
31523,04-09-2021,Unknown
1016,15-04-2023,Personal Reasons
29005,18-08-2025,Relocation
2831,02-03-2018,Personal Reasons
39388,06-01-2024,Better Opportunity
40081,07-02-2024,Retirement
38470,08-12-2023,Unknown
34268,19-04-2025,Personal Reasons
32424,03-07-2025,Relocation
19251,09-03-2023,Unknown
42127,02-03-2025,Personal Reasons
16035,29-08-2025,Better Opportunity
24622,24-11-2022,Retirement
7462,18-05-2023,Relocation
9770,19-01-2025,Retirement
35373,29-01-2025,Retirement
37812,12-06-2025,Personal Reasons
26811,31-10-2021,Unknown
141,27-03-2019,Relocation
27762,29-04-2025,Relocation
12971,13-09-2020,Better Opportunity
24348,20-02-2025,Retirement
49506,08-06-2017,Retirement
22373,02-07-2022,Personal Reasons
38892,13-09-2025,Relocation
44781,23-10-2017,Personal Reasons
10692,27-08-2025,Unknown
22431,29-03-2025,Retirement
4760,24-08-2025,Retirement
25964,20-09-2025,Personal Reasons
20679,10-09-2025,Retirement
14363,16-03-2024,Unknown
13448,21-12-2024,Retirement
13746,15-07-2025,Personal Reasons
23981,07-10-2021,Unknown
29042,22-09-2024,Unknown
23331,07-01-2019,Unknown
12820,11-09-2022,Retirement
22630,27-06-2019,Relocation
21788,18-02-2024,Unknown
36791,17-09-2025,Relocation
29978,14-06-2025,Personal Reasons
6092,05-01-2025,Personal Reasons
7527,15-03-2025,Relocation
19379,23-12-2023,Retirement
33924,26-12-2022,Relocation
39361,15-03-2020,Personal Reasons
36660,01-04-2022,Retirement
40812,02-05-2023,Unknown
13973,15-07-2023,Better Opportunity
38208,11-06-2024,Personal Reasons
3232,17-02-2024,Retirement
4279,09-04-2024,Personal Reasons
30500,27-08-2023,Unknown
24757,16-08-2020,Relocation
8198,17-09-2022,Relocation
5580,10-01-2021,Relocation
32415,10-12-2019,Personal Reasons
5754,24-03-2019,Better Opportunity
31331,18-02-2025,Better Opportunity
24537,12-08-2022,Relocation
25328,06-01-2022,Better Opportunity
3437,12-11-2019,Unknown
15526,07-03-2025,Better Opportunity
48363,01-12-2021,Unknown
40732,09-09-2021,Personal Reasons
36908,19-03-2024,Retirement
46213,17-11-2024,Better Opportunity
36985,24-10-2024,Retirement
32777,25-07-2025,Relocation
1505,13-09-2025,Unknown
28227,07-07-2024,Unknown
29550,04-02-2021,Personal Reasons
35243,12-10-2024,Relocation
42300,18-09-2019,Better Opportunity
47128,07-02-2024,Personal Reasons
34192,29-08-2025,Relocation
8274,09-12-2022,Relocation
49693,20-05-2022,Relocation
28429,21-06-2022,Retirement
25498,05-09-2025,Better Opportunity
40292,22-05-2023,Unknown
2196,25-09-2020,Unknown
2475,25-01-2021,Relocation
14301,22-11-2022,Relocation
41557,02-10-2025,Relocation
41517,17-01-2023,Relocation
3533,05-10-2018,Relocation
39936,04-08-2024,Retirement
48303,15-09-2025,Better Opportunity
37772,15-05-2022,Relocation
3641,10-03-2025,Unknown
22039,05-08-2025,Relocation
27121,06-04-2025,Relocation
18777,22-11-2023,Retirement
47230,28-06-2024,Unknown
24688,16-11-2024,Unknown
34113,27-03-2025,Better Opportunity
22887,13-05-2019,Relocation
3183,23-03-2020,Better Opportunity
5887,06-10-2025,Relocation
19876,24-05-2022,Relocation
28066,26-04-2022,Retirement
34168,13-02-2022,Relocation
16454,23-05-2024,Unknown
955,24-01-2021,Relocation
49256,16-11-2021,Personal Reasons
25101,15-08-2025,Personal Reasons
2755,23-06-2024,Retirement
29489,05-01-2025,Personal Reasons
3561,08-03-2023,Personal Reasons
5164,07-09-2025,Unknown
26265,16-12-2023,Better Opportunity
1922,04-05-2025,Better Opportunity
33129,19-03-2023,Better Opportunity
35492,10-11-2022,Relocation
17325,12-04-2020,Unknown
22280,17-01-2024,Retirement
7753,09-09-2025,Unknown
44015,25-06-2023,Relocation
36854,29-04-2024,Relocation
43434,09-09-2016,Relocation
24853,13-11-2024,Better Opportunity
341,14-03-2025,Unknown
33002,06-09-2025,Relocation
40570,20-09-2025,Personal Reasons
37880,18-09-2024,Retirement
23025,03-04-2024,Personal Reasons
3318,09-04-2025,Relocation
3911,22-03-2023,Unknown
23734,05-02-2023,Unknown
49998,05-08-2024,Personal Reasons
35505,22-07-2025,Better Opportunity
25754,11-06-2024,Personal Reasons
49254,08-01-2025,Relocation
23267,30-09-2024,Relocation
30907,05-05-2024,Relocation
2637,23-04-2019,Retirement
16584,25-03-2024,Retirement
28816,02-08-2024,Better Opportunity
19325,05-08-2025,Relocation
8861,30-06-2024,Relocation
33018,22-06-2018,Unknown
47869,06-08-2021,Better Opportunity
27330,13-01-2024,Unknown
8553,02-05-2023,Better Opportunity
43200,31-07-2021,Retirement
27889,10-06-2025,Retirement
39471,10-09-2022,Better Opportunity
33691,01-05-2023,Unknown
44842,21-11-2023,Better Opportunity
47076,15-09-2024,Retirement
40243,22-03-2023,Better Opportunity
24775,29-12-2024,Better Opportunity
2726,23-03-2025,Retirement
29937,30-07-2019,Unknown
15725,25-05-2024,Relocation
18346,08-03-2022,Personal Reasons
12112,10-10-2024,Retirement
12877,18-11-2024,Retirement
42766,25-01-2022,Better Opportunity
22241,07-12-2024,Unknown
23965,09-09-2025,Unknown
23327,01-10-2025,Retirement
27632,12-12-2022,Relocation
44771,13-08-2020,Retirement
11123,05-06-2021,Unknown
4234,20-09-2022,Retirement
1621,14-11-2022,Relocation
33550,25-05-2020,Retirement
12600,21-02-2019,Personal Reasons
9427,29-04-2017,Relocation
2498,08-03-2024,Unknown
9188,09-09-2025,Personal Reasons
37232,14-03-2020,Unknown
40777,01-04-2022,Better Opportunity
33846,25-07-2020,Unknown
27778,04-12-2021,Unknown
3990,08-06-2025,Personal Reasons
16153,26-09-2024,Unknown
5113,27-10-2018,Relocation
27470,03-12-2022,Better Opportunity
2797,10-08-2025,Personal Reasons
14449,04-10-2020,Personal Reasons
17082,19-07-2025,Relocation
32016,28-12-2020,Personal Reasons
40258,10-09-2024,Relocation
34949,23-12-2019,Unknown
19444,20-12-2024,Personal Reasons
31713,13-12-2024,Better Opportunity
22252,09-03-2025,Better Opportunity
37153,22-03-2025,Personal Reasons
47997,08-03-2020,Better Opportunity
24730,16-06-2024,Retirement
7129,09-04-2025,Relocation
42908,06-04-2020,Better Opportunity
78,28-06-2024,Relocation
22299,24-02-2023,Better Opportunity
4022,15-02-2025,Better Opportunity
34986,13-09-2025,Better Opportunity
38446,08-08-2023,Retirement
41358,19-12-2023,Relocation
24471,05-06-2024,Unknown
37225,17-01-2025,Retirement
21331,02-07-2025,Relocation
24012,22-03-2020,Personal Reasons
226,23-02-2017,Personal Reasons
36683,04-03-2025,Unknown
34721,12-10-2025,Personal Reasons
20781,14-09-2022,Unknown
20879,02-04-2025,Personal Reasons
31406,07-07-2020,Unknown
4639,18-02-2025,Retirement
24426,12-01-2025,Personal Reasons
15977,31-08-2025,Retirement
37374,14-06-2023,Better Opportunity
15168,18-08-2023,Better Opportunity
40598,28-11-2018,Personal Reasons
27517,22-05-2025,Relocation
6384,04-08-2023,Personal Reasons
46654,19-09-2025,Unknown
1856,16-08-2024,Unknown
46709,26-08-2025,Relocation
49205,24-10-2020,Retirement
24422,27-06-2025,Retirement
19443,06-02-2023,Personal Reasons
21175,23-02-2024,Relocation
89,01-10-2024,Better Opportunity
665,22-10-2019,Relocation
33072,13-08-2025,Retirement
19537,14-06-2021,Relocation
1802,20-11-2018,Personal Reasons
19947,29-06-2022,Better Opportunity
23527,29-08-2025,Unknown
12038,18-08-2025,Personal Reasons
5735,31-03-2023,Relocation
17658,07-02-2022,Better Opportunity
5051,21-11-2019,Personal Reasons
34571,01-11-2023,Better Opportunity
43299,18-03-2018,Unknown
841,30-09-2025,Better Opportunity
7929,13-05-2024,Personal Reasons
49042,02-02-2018,Unknown
41323,15-03-2021,Unknown
6570,01-02-2023,Unknown
17808,04-12-2021,Personal Reasons
34223,02-02-2024,Relocation
28140,31-08-2019,Better Opportunity
13779,31-05-2025,Unknown
30759,01-05-2024,Personal Reasons
1907,08-06-2019,Unknown
35175,27-05-2025,Retirement
11565,30-09-2025,Personal Reasons
37237,06-09-2018,Retirement
7638,22-06-2025,Relocation
15926,19-05-2025,Retirement
5085,10-11-2024,Unknown
29401,11-08-2022,Relocation
27060,28-11-2022,Retirement
45245,22-01-2022,Retirement
29548,26-10-2019,Retirement
43001,26-03-2023,Better Opportunity
43389,24-06-2024,Better Opportunity
24904,08-11-2022,Better Opportunity
44180,26-01-2023,Retirement
23191,12-10-2021,Personal Reasons
32479,16-03-2025,Better Opportunity
15463,13-05-2024,Relocation
16198,26-04-2023,Relocation
9695,21-09-2024,Better Opportunity
15241,17-06-2025,Better Opportunity
3611,01-04-2020,Unknown
17045,17-03-2024,Personal Reasons
42340,17-07-2017,Personal Reasons
20397,27-02-2020,Retirement
40720,27-02-2025,Retirement
3808,01-05-2025,Personal Reasons
267,26-09-2020,Personal Reasons
14494,23-07-2020,Retirement
27506,16-04-2025,Relocation
9714,13-01-2025,Unknown
11857,09-09-2022,Personal Reasons
27310,20-04-2022,Relocation
9455,16-08-2020,Unknown
1321,16-11-2020,Retirement
6762,16-07-2024,Unknown
22558,03-05-2019,Personal Reasons
48566,15-04-2025,Better Opportunity
25326,17-12-2024,Better Opportunity
4958,01-06-2021,Unknown
2961,19-05-2025,Unknown
19620,15-04-2021,Retirement
23491,24-10-2020,Relocation
38042,11-04-2022,Personal Reasons
29969,14-04-2024,Better Opportunity
11045,16-10-2017,Relocation
31937,15-08-2025,Better Opportunity
25257,17-03-2023,Retirement
18309,25-01-2024,Unknown
26050,24-07-2025,Retirement
29604,09-05-2024,Unknown
10603,13-10-2021,Unknown
16125,15-09-2018,Retirement
47158,19-09-2023,Better Opportunity
7150,23-03-2023,Retirement
28003,12-06-2021,Better Opportunity
40855,28-12-2018,Unknown
24334,27-04-2024,Relocation
6111,16-12-2023,Relocation
13764,01-06-2024,Personal Reasons
43808,22-07-2022,Relocation
25990,01-05-2023,Personal Reasons
1002,13-06-2025,Personal Reasons
33710,29-09-2025,Unknown
21273,06-04-2023,Better Opportunity
31574,10-05-2021,Relocation
24326,02-06-2019,Retirement
42173,20-09-2024,Personal Reasons
45153,23-05-2024,Better Opportunity
48347,07-12-2021,Personal Reasons
14158,09-06-2023,Personal Reasons
18554,23-04-2018,Personal Reasons
31840,11-08-2021,Relocation
15173,17-12-2024,Personal Reasons
18457,13-01-2022,Relocation
32681,21-03-2024,Unknown
41669,30-03-2024,Personal Reasons
12406,10-04-2020,Personal Reasons
27720,13-10-2021,Better Opportunity
1265,19-03-2023,Better Opportunity
22393,31-10-2022,Personal Reasons
5827,17-02-2024,Better Opportunity
2700,25-07-2025,Personal Reasons
26990,18-02-2025,Personal Reasons
41821,02-08-2021,Personal Reasons
23402,23-11-2024,Unknown
24728,22-01-2021,Unknown
45592,13-09-2025,Personal Reasons
26978,04-06-2024,Better Opportunity
7547,16-06-2019,Better Opportunity
1448,23-07-2025,Unknown
4326,12-05-2023,Unknown
15211,21-12-2018,Personal Reasons
9202,24-02-2023,Retirement
46744,12-05-2024,Unknown
29321,21-05-2018,Retirement
25647,02-12-2023,Unknown
15301,05-03-2021,Relocation
23931,11-09-2025,Relocation
21090,12-12-2021,Relocation
16062,14-04-2022,Personal Reasons
31605,14-03-2025,Retirement
43003,06-09-2022,Unknown
26161,06-04-2022,Relocation
43435,23-02-2021,Unknown
23937,23-11-2020,Personal Reasons
39048,24-09-2025,Unknown
40824,13-12-2024,Retirement
34935,25-04-2023,Personal Reasons
30082,26-08-2022,Relocation
43343,07-06-2022,Better Opportunity
3815,15-06-2025,Unknown
24114,25-08-2020,Unknown
28333,15-10-2022,Unknown
21082,27-09-2022,Retirement
5386,05-07-2025,Personal Reasons
30814,01-10-2025,Better Opportunity
39820,23-04-2025,Unknown
11484,31-08-2022,Relocation
7369,14-12-2023,Relocation
2809,14-01-2025,Relocation
49580,26-06-2020,Relocation
37887,31-03-2023,Unknown
11275,04-09-2022,Unknown
46781,07-01-2025,Relocation
34545,18-08-2022,Unknown
20947,21-11-2017,Relocation
17376,24-05-2022,Retirement
23493,15-02-2022,Relocation
30365,07-09-2019,Better Opportunity
24444,21-08-2025,Retirement
6130,30-08-2024,Unknown
23468,07-05-2022,Unknown
13618,23-08-2025,Better Opportunity
4776,31-03-2018,Retirement
10868,31-07-2025,Unknown
46349,13-02-2019,Retirement
39489,12-08-2024,Retirement
37025,13-02-2025,Relocation
25850,12-10-2025,Better Opportunity
4298,10-11-2024,Retirement
38435,17-03-2020,Relocation
33213,19-03-2020,Relocation
9306,23-09-2024,Retirement
35280,25-11-2024,Unknown
12742,06-10-2025,Personal Reasons
39495,23-06-2024,Relocation
15995,26-11-2023,Retirement
36160,16-10-2024,Retirement
49052,13-05-2024,Unknown
32826,20-09-2023,Retirement
13372,08-01-2021,Retirement
25668,17-05-2025,Relocation
43216,02-07-2023,Retirement
12534,08-08-2018,Unknown
967,08-11-2024,Unknown
33796,24-01-2016,Better Opportunity
2193,15-03-2024,Personal Reasons
27389,06-05-2023,Better Opportunity
48914,28-05-2023,Relocation
2063,12-10-2025,Relocation
44679,02-06-2021,Retirement
25771,03-09-2021,Better Opportunity
4713,28-03-2025,Relocation
11336,08-05-2022,Personal Reasons
7672,03-10-2021,Unknown
14329,01-07-2022,Unknown
3169,13-10-2018,Personal Reasons
6890,03-02-2023,Unknown
10629,05-08-2021,Relocation
36151,22-09-2025,Personal Reasons
27891,06-05-2022,Retirement
19691,20-04-2020,Better Opportunity
16839,15-09-2025,Retirement
9445,06-08-2024,Relocation
18074,20-06-2016,Better Opportunity
11255,17-05-2025,Better Opportunity
5764,01-09-2025,Relocation
43396,27-07-2025,Relocation
26721,25-07-2018,Unknown
6096,12-03-2018,Personal Reasons
12153,08-10-2023,Relocation
16556,30-05-2021,Personal Reasons
45655,25-06-2019,Relocation
19404,21-08-2022,Unknown
26993,22-04-2020,Unknown
25358,11-11-2021,Retirement
10420,20-06-2018,Relocation
19887,29-09-2021,Personal Reasons
38994,07-01-2022,Retirement
6745,05-01-2025,Retirement
6234,11-08-2024,Personal Reasons
23733,05-05-2025,Unknown
47862,25-08-2024,Personal Reasons
45358,16-11-2024,Better Opportunity
43828,06-01-2025,Unknown
22408,20-12-2022,Relocation
34939,01-07-2024,Personal Reasons
6187,31-05-2024,Relocation
18661,25-07-2025,Relocation
9587,12-09-2025,Better Opportunity
24707,12-10-2023,Better Opportunity
2998,04-04-2023,Better Opportunity
27990,09-05-2024,Retirement
9899,09-09-2024,Personal Reasons
44351,05-02-2022,Retirement
6592,29-04-2025,Relocation
40305,28-07-2021,Personal Reasons
23566,13-01-2024,Relocation
11912,04-08-2020,Relocation
21546,13-11-2024,Relocation
32068,12-09-2025,Better Opportunity
33990,26-04-2023,Personal Reasons
9285,19-12-2022,Unknown
135,26-04-2025,Personal Reasons
11177,09-02-2021,Better Opportunity
49176,28-01-2025,Retirement
42685,14-04-2017,Better Opportunity
16477,26-03-2020,Relocation
47572,21-07-2022,Retirement
44841,23-08-2025,Unknown
48543,02-12-2023,Retirement
35422,26-03-2025,Relocation
19589,18-05-2023,Unknown
20378,23-06-2024,Retirement
20142,28-10-2020,Retirement
26707,27-06-2025,Unknown
24924,23-07-2019,Better Opportunity
34730,08-01-2025,Personal Reasons
10921,10-05-2020,Unknown
38009,12-09-2024,Unknown
32944,11-10-2025,Better Opportunity
25234,11-05-2024,Better Opportunity
8368,16-08-2022,Relocation
26896,01-06-2020,Relocation
14328,19-06-2020,Retirement
5685,10-05-2025,Personal Reasons
12827,02-06-2025,Better Opportunity
40949,10-08-2023,Better Opportunity
1757,31-03-2025,Relocation
35860,27-05-2025,Personal Reasons
7460,22-10-2018,Relocation
1032,14-08-2025,Retirement
17752,29-06-2022,Retirement
21258,25-03-2025,Unknown
4714,04-09-2025,Personal Reasons
2911,28-02-2025,Relocation
33530,17-06-2025,Unknown
23092,19-03-2025,Relocation
5230,22-02-2021,Unknown
31370,15-06-2019,Personal Reasons
5525,17-07-2025,Personal Reasons
34639,03-11-2021,Unknown
43773,01-03-2022,Better Opportunity
41937,25-06-2020,Better Opportunity
28589,09-04-2022,Retirement
28736,14-05-2020,Unknown
37,06-10-2021,Unknown
49917,09-03-2024,Relocation
32857,29-12-2022,Unknown
38924,14-06-2025,Better Opportunity
19324,11-07-2020,Retirement
14251,15-05-2020,Unknown
21991,11-03-2022,Personal Reasons
42391,22-09-2020,Relocation
30898,14-09-2017,Relocation
2862,30-01-2025,Relocation
4894,03-12-2023,Personal Reasons
35802,04-04-2024,Relocation
27855,15-10-2023,Retirement
2021,31-07-2025,Personal Reasons
34812,28-07-2024,Better Opportunity
30675,05-10-2025,Better Opportunity
44728,26-12-2020,Relocation
13400,17-10-2017,Better Opportunity
38083,05-09-2023,Personal Reasons
4350,01-06-2018,Relocation
44757,07-07-2021,Better Opportunity
21244,01-03-2025,Better Opportunity
13218,07-11-2024,Relocation
8258,22-10-2021,Better Opportunity
45866,24-06-2023,Retirement
36383,04-08-2021,Retirement
15125,05-10-2019,Better Opportunity
44662,18-08-2024,Unknown
10318,09-09-2018,Better Opportunity
24879,14-08-2022,Personal Reasons
43906,31-08-2021,Unknown
11713,02-07-2024,Relocation
36706,19-07-2018,Relocation
21199,20-01-2020,Better Opportunity
903,20-06-2018,Relocation
5427,10-06-2023,Relocation
24082,25-09-2023,Retirement
15019,16-12-2024,Better Opportunity
11262,23-05-2019,Relocation
30803,19-11-2021,Retirement
18289,01-07-2025,Personal Reasons
6665,23-12-2022,Unknown
15710,15-03-2023,Retirement
16803,29-07-2021,Better Opportunity
43804,17-05-2019,Better Opportunity
36194,27-03-2023,Better Opportunity
19375,28-06-2025,Unknown
25055,10-01-2025,Relocation
17046,10-06-2025,Unknown
48340,05-06-2025,Relocation
11516,17-09-2018,Unknown
34336,08-08-2025,Retirement
47322,21-09-2019,Personal Reasons
10980,18-10-2023,Retirement
40868,28-04-2024,Personal Reasons
14983,11-04-2023,Unknown
8125,03-07-2021,Unknown
46283,23-02-2020,Retirement
33944,01-04-2025,Personal Reasons
49572,16-08-2024,Personal Reasons
9712,02-09-2025,Retirement
12490,11-10-2023,Relocation
46763,24-02-2019,Better Opportunity
16644,10-11-2020,Unknown
27073,11-10-2025,Relocation
739,22-05-2025,Unknown
49194,12-05-2024,Better Opportunity
35088,27-05-2024,Retirement
29682,02-09-2024,Retirement
22547,09-02-2023,Relocation
2984,01-01-2019,Unknown
44687,22-05-2022,Better Opportunity
26251,30-09-2023,Relocation
32409,25-09-2024,Personal Reasons
47243,26-01-2024,Retirement
35384,22-12-2023,Unknown
5813,23-09-2021,Unknown
48950,02-03-2025,Unknown
16587,16-04-2019,Relocation
16120,29-05-2022,Personal Reasons
43848,25-11-2020,Retirement
9781,21-06-2016,Retirement
47646,28-03-2025,Retirement
15653,10-05-2021,Retirement
45242,24-05-2023,Retirement
17070,30-06-2023,Relocation
28173,04-05-2025,Better Opportunity
26995,24-07-2025,Better Opportunity
22884,20-06-2020,Unknown
28295,15-04-2019,Better Opportunity
11073,25-01-2020,Personal Reasons
17119,24-01-2025,Personal Reasons
39877,02-10-2017,Unknown
48238,12-05-2025,Retirement
4786,07-09-2023,Better Opportunity
6451,17-12-2023,Unknown
46470,14-07-2023,Personal Reasons
39458,27-04-2021,Retirement
35704,09-02-2024,Better Opportunity
14187,06-12-2023,Personal Reasons
23011,09-06-2025,Retirement
45042,27-11-2024,Retirement
23902,20-10-2020,Unknown
35683,10-08-2023,Unknown
22185,26-05-2021,Relocation
14180,23-04-2024,Better Opportunity
30553,28-01-2025,Unknown
14560,29-08-2025,Personal Reasons
5358,11-10-2020,Personal Reasons
46228,01-09-2024,Unknown
3346,30-11-2022,Retirement
24427,24-10-2024,Relocation
15006,08-10-2020,Personal Reasons
11201,26-01-2018,Relocation
18188,13-06-2022,Unknown
25147,15-08-2018,Unknown
25645,19-02-2024,Personal Reasons
39485,15-03-2024,Retirement
3351,02-08-2023,Retirement
38152,14-03-2024,Better Opportunity
11511,12-11-2024,Personal Reasons
1279,15-03-2024,Personal Reasons
13296,17-02-2021,Personal Reasons
17167,23-02-2024,Better Opportunity
38096,11-06-2023,Unknown
37105,14-12-2022,Unknown
11753,27-11-2018,Retirement
42917,27-05-2025,Better Opportunity
30805,17-10-2024,Personal Reasons
16375,31-07-2024,Better Opportunity
13615,25-04-2022,Better Opportunity
3070,21-11-2017,Better Opportunity
26082,06-01-2025,Better Opportunity
28905,01-12-2024,Better Opportunity
25631,17-04-2025,Retirement
25373,01-04-2023,Relocation
33060,06-02-2020,Relocation
12845,10-09-2025,Personal Reasons
18978,09-10-2023,Retirement
2573,29-05-2024,Personal Reasons
42723,28-09-2024,Personal Reasons
32893,16-05-2025,Unknown
27056,01-04-2023,Better Opportunity
30852,10-01-2024,Relocation
49142,02-09-2025,Personal Reasons
36066,07-09-2017,Personal Reasons
44080,01-08-2025,Better Opportunity
46114,25-03-2022,Retirement
20,05-10-2025,Relocation
38972,31-03-2021,Personal Reasons
25275,11-06-2023,Retirement
16558,03-06-2018,Relocation
13480,08-06-2023,Better Opportunity
19994,10-11-2021,Unknown
46576,02-09-2025,Retirement
27579,04-08-2024,Personal Reasons
41803,29-06-2025,Retirement
10829,02-08-2025,Retirement
3252,02-02-2023,Retirement
9146,09-09-2025,Personal Reasons
35875,06-09-2025,Unknown
3362,21-05-2024,Unknown
25090,22-02-2023,Better Opportunity
13928,10-08-2025,Retirement
41938,18-04-2021,Retirement
36666,01-09-2023,Better Opportunity
28793,20-11-2023,Better Opportunity
17029,08-10-2025,Unknown
17047,10-11-2021,Better Opportunity
23344,20-08-2025,Better Opportunity
43265,20-07-2020,Better Opportunity
22426,08-05-2020,Retirement
70,09-04-2023,Personal Reasons
22377,24-11-2022,Better Opportunity
47002,16-10-2024,Retirement
6712,10-06-2025,Unknown
22212,28-01-2023,Better Opportunity
22709,30-08-2025,Personal Reasons
27376,04-09-2025,Unknown
39320,24-10-2021,Retirement
3358,23-01-2023,Unknown
46972,17-02-2025,Better Opportunity
15280,24-03-2024,Retirement
20414,27-06-2022,Relocation
41795,09-11-2024,Relocation
36343,13-07-2019,Retirement
30050,22-09-2019,Better Opportunity
37223,10-10-2025,Unknown
21101,23-06-2021,Better Opportunity
20013,23-07-2023,Retirement
35460,16-05-2024,Retirement
40708,16-09-2024,Personal Reasons
4518,04-06-2025,Better Opportunity
10561,24-06-2024,Better Opportunity
24308,24-06-2023,Relocation
42332,15-06-2024,Unknown
11662,21-07-2023,Personal Reasons
38691,21-01-2025,Retirement
45272,15-06-2024,Retirement
37517,09-03-2024,Relocation
1686,26-06-2024,Relocation
31738,18-07-2025,Personal Reasons
42561,01-06-2025,Unknown
45089,28-08-2025,Unknown
30550,17-06-2025,Better Opportunity
7163,01-04-2023,Personal Reasons
21238,21-03-2023,Unknown
43083,20-12-2024,Relocation
44147,05-11-2024,Relocation
39135,22-08-2023,Better Opportunity
8387,22-10-2017,Relocation
26224,29-09-2024,Better Opportunity
19754,18-11-2021,Unknown
34123,06-05-2024,Unknown
24113,26-01-2025,Better Opportunity
32219,28-11-2023,Relocation
887,09-05-2024,Personal Reasons
26387,13-09-2024,Relocation
4717,29-03-2022,Retirement
15201,19-05-2025,Better Opportunity
47644,13-07-2017,Unknown
9069,05-07-2024,Personal Reasons
3823,22-05-2021,Unknown
28179,02-05-2025,Relocation
27170,07-08-2025,Personal Reasons
27375,31-07-2022,Better Opportunity
16060,23-03-2022,Better Opportunity
35483,11-04-2021,Relocation
15570,16-08-2020,Better Opportunity
20883,30-07-2024,Retirement
18338,13-04-2025,Relocation
2165,08-09-2025,Unknown
17160,09-12-2018,Relocation
43425,08-09-2025,Retirement
17924,20-11-2021,Unknown
12378,08-08-2020,Relocation
1523,21-03-2025,Relocation
17788,11-11-2023,Retirement
14384,11-05-2022,Relocation
40026,31-07-2025,Relocation
29950,15-08-2020,Retirement
2786,10-10-2022,Better Opportunity
14543,16-11-2023,Retirement
42132,04-01-2025,Retirement
40611,02-10-2025,Personal Reasons
41216,01-12-2024,Better Opportunity
46284,02-09-2025,Retirement
24551,04-10-2018,Personal Reasons
15126,04-07-2024,Personal Reasons
35396,11-04-2025,Unknown
23945,04-12-2024,Unknown
12697,16-08-2025,Personal Reasons
15285,19-03-2025,Unknown
33298,19-03-2020,Better Opportunity
9597,21-09-2025,Retirement
34429,10-11-2024,Unknown
42101,21-02-2021,Retirement
25440,31-12-2023,Relocation
44087,28-09-2025,Unknown
9176,26-03-2023,Relocation
35936,11-05-2022,Personal Reasons
40524,04-01-2020,Unknown
38219,15-01-2023,Unknown
47017,05-12-2023,Unknown
3867,09-05-2022,Better Opportunity
35792,31-08-2025,Personal Reasons
15671,01-10-2025,Retirement
11267,25-12-2020,Better Opportunity
10438,15-01-2021,Personal Reasons
8602,13-04-2025,Retirement
31678,12-08-2017,Unknown
919,18-11-2018,Better Opportunity
32198,23-10-2023,Relocation
36376,24-03-2024,Relocation
14065,21-08-2023,Unknown
41219,20-04-2022,Retirement
22624,06-10-2023,Retirement
25667,01-10-2025,Unknown
42050,14-09-2023,Personal Reasons
33699,29-08-2019,Unknown
39410,05-06-2023,Relocation
26919,26-11-2020,Personal Reasons
16074,16-03-2022,Retirement
28351,04-01-2020,Relocation
28820,20-03-2025,Better Opportunity
38234,28-10-2024,Unknown
15542,10-05-2023,Relocation
28969,07-01-2023,Better Opportunity
1349,10-08-2025,Relocation
8739,18-11-2018,Unknown
513,08-09-2025,Better Opportunity
16052,17-11-2022,Relocation
6577,04-07-2025,Relocation
38300,09-03-2022,Retirement
23649,08-06-2024,Personal Reasons
22565,23-11-2022,Better Opportunity
3498,11-05-2024,Relocation
45293,05-12-2022,Relocation
14542,07-08-2023,Relocation
18490,27-03-2024,Relocation
9830,09-03-2022,Unknown
24139,30-12-2024,Relocation
419,19-03-2023,Unknown
39085,09-05-2025,Unknown
1137,24-10-2021,Better Opportunity
1208,22-01-2020,Better Opportunity
37813,12-05-2025,Relocation
466,26-07-2025,Personal Reasons
14833,11-05-2020,Relocation
47127,11-04-2017,Unknown
31427,26-01-2024,Personal Reasons
13168,21-03-2024,Better Opportunity
16241,09-09-2023,Unknown
36201,24-08-2024,Better Opportunity
43708,30-07-2025,Relocation
8701,23-09-2025,Relocation
49713,07-02-2024,Personal Reasons
42175,13-11-2021,Better Opportunity
15720,09-02-2023,Better Opportunity
8715,24-03-2020,Relocation
19274,06-05-2023,Relocation
23289,05-02-2025,Unknown
45881,30-01-2024,Personal Reasons
44470,08-02-2019,Unknown
7043,14-07-2023,Retirement
12281,21-11-2024,Personal Reasons
2327,10-08-2025,Personal Reasons
29366,18-09-2025,Unknown
18396,06-05-2024,Better Opportunity
32293,28-08-2025,Unknown
40347,15-06-2024,Retirement
39497,15-03-2023,Retirement
14033,07-01-2022,Personal Reasons
24881,21-07-2019,Unknown
25525,28-12-2020,Personal Reasons
14348,15-11-2019,Unknown
49321,08-05-2024,Better Opportunity
38038,02-03-2024,Unknown
5112,02-02-2024,Relocation
48643,23-05-2022,Unknown
18704,24-05-2020,Retirement
44548,18-08-2025,Relocation
19122,25-06-2022,Better Opportunity
27168,29-07-2023,Better Opportunity
20149,19-12-2022,Retirement
34108,22-10-2023,Relocation
11849,25-12-2024,Better Opportunity
11561,13-04-2025,Retirement
26704,15-04-2020,Retirement
8770,09-03-2023,Relocation
35057,03-05-2025,Relocation
42304,06-11-2024,Personal Reasons
34989,29-03-2024,Better Opportunity
36233,12-05-2025,Better Opportunity
32113,23-01-2021,Better Opportunity
18779,09-10-2025,Relocation
9414,02-12-2020,Retirement
39142,23-03-2022,Retirement
5986,28-03-2024,Relocation
16314,10-04-2025,Unknown
31852,27-11-2020,Personal Reasons
18952,02-06-2025,Relocation
21126,28-07-2021,Personal Reasons
49552,09-08-2025,Relocation
26284,04-01-2022,Unknown
25552,17-12-2018,Relocation
6380,26-04-2025,Better Opportunity
20421,31-12-2019,Better Opportunity
43570,23-09-2021,Relocation
23761,31-08-2025,Personal Reasons
41525,10-08-2024,Personal Reasons
920,30-04-2025,Unknown
18037,09-07-2022,Retirement
49015,24-02-2021,Personal Reasons
20073,08-10-2024,Personal Reasons
17185,01-02-2025,Retirement
18473,27-03-2023,Unknown
17019,08-09-2025,Retirement
12371,30-05-2022,Retirement
1012,29-11-2023,Better Opportunity
16020,02-08-2021,Personal Reasons
2411,13-03-2022,Better Opportunity
3588,26-06-2025,Better Opportunity
23615,20-02-2019,Personal Reasons
13784,15-05-2025,Relocation
2676,11-02-2024,Retirement
22119,29-09-2024,Better Opportunity
2826,20-04-2025,Relocation
43642,31-05-2023,Better Opportunity
13496,21-08-2023,Retirement
26637,03-11-2024,Retirement
21921,25-05-2020,Better Opportunity
10583,23-07-2024,Better Opportunity
10054,07-02-2024,Better Opportunity
41537,06-09-2024,Relocation
42289,28-07-2025,Retirement
28630,07-11-2018,Personal Reasons
34237,01-05-2024,Relocation
5142,23-01-2025,Better Opportunity
45133,08-10-2020,Relocation
42898,23-12-2023,Personal Reasons
5507,04-10-2018,Personal Reasons
12271,17-08-2025,Retirement
24445,27-10-2024,Relocation
28540,28-08-2022,Personal Reasons
7693,05-07-2022,Relocation
38557,12-06-2025,Better Opportunity
11832,13-12-2021,Better Opportunity
8689,11-08-2020,Relocation
28281,04-08-2018,Better Opportunity
38969,02-11-2023,Retirement
26306,11-11-2023,Better Opportunity
30047,30-06-2024,Personal Reasons
10020,24-12-2024,Personal Reasons
37277,20-12-2023,Retirement
29379,02-05-2025,Personal Reasons
18261,26-11-2018,Unknown
33395,22-09-2025,Retirement
31197,14-05-2021,Retirement
47275,23-08-2016,Retirement
39223,10-04-2024,Better Opportunity
39798,08-06-2020,Unknown
36884,21-01-2019,Better Opportunity
42993,25-06-2021,Relocation
31112,06-07-2021,Personal Reasons
4421,02-04-2024,Relocation
47346,18-01-2022,Relocation
46046,26-09-2025,Better Opportunity
14775,14-06-2023,Relocation
15660,01-06-2025,Personal Reasons
34124,07-08-2023,Unknown
5561,19-12-2022,Relocation
8555,02-01-2019,Unknown
19072,19-05-2025,Better Opportunity
20465,31-07-2025,Relocation
46419,22-02-2020,Better Opportunity
25265,07-10-2025,Retirement
48039,08-11-2023,Better Opportunity
46921,28-12-2024,Unknown
4624,16-03-2025,Retirement
39389,23-11-2024,Retirement
18486,04-10-2025,Retirement
26370,02-06-2024,Retirement
19144,03-12-2024,Unknown
13500,07-12-2024,Personal Reasons
26121,29-10-2020,Unknown
25489,20-10-2024,Retirement
24497,03-06-2020,Relocation
20796,24-12-2023,Unknown
45823,07-01-2025,Personal Reasons
43272,07-05-2025,Better Opportunity
22043,19-12-2023,Better Opportunity
37597,09-05-2023,Personal Reasons
25945,18-09-2022,Personal Reasons
4002,01-06-2024,Unknown
17408,27-10-2021,Better Opportunity
5275,02-06-2024,Better Opportunity
8397,13-10-2023,Unknown
46106,12-07-2025,Unknown
10618,13-10-2024,Retirement
13793,09-08-2025,Relocation
41155,31-01-2021,Relocation
752,02-07-2025,Better Opportunity
29226,04-05-2019,Better Opportunity
6055,24-10-2021,Retirement
39827,03-07-2025,Personal Reasons
37243,22-05-2022,Relocation
30960,03-12-2023,Unknown
338,20-08-2022,Retirement
44504,12-09-2024,Personal Reasons
32448,27-09-2019,Better Opportunity
7203,15-07-2021,Retirement
22866,06-02-2023,Unknown
35304,23-04-2020,Retirement
27803,19-10-2022,Unknown
34557,29-05-2024,Relocation
7493,03-10-2025,Relocation
22858,07-08-2025,Better Opportunity
49096,21-02-2023,Retirement
3740,05-03-2020,Relocation
3795,02-11-2022,Retirement
5751,06-06-2025,Personal Reasons
24691,18-03-2019,Relocation
32231,15-04-2020,Better Opportunity
13189,17-06-2024,Personal Reasons
10992,23-09-2019,Retirement
5419,21-05-2025,Retirement
21104,11-10-2025,Better Opportunity
23729,08-10-2025,Relocation
12766,13-10-2023,Better Opportunity
2546,28-07-2024,Relocation
3481,22-04-2020,Retirement
42844,13-01-2024,Retirement
29202,14-03-2024,Unknown
38064,17-11-2023,Relocation
47538,18-03-2025,Retirement
5828,06-09-2020,Retirement
25988,24-12-2020,Unknown
12325,08-12-2022,Better Opportunity
20818,14-09-2023,Relocation
15169,17-01-2021,Better Opportunity
42932,04-03-2022,Relocation
44681,22-06-2018,Unknown
33366,27-05-2022,Retirement
5303,09-12-2023,Unknown
29754,12-09-2024,Retirement
13912,09-11-2023,Unknown
7284,23-03-2022,Relocation
26528,02-10-2020,Better Opportunity
42614,14-04-2024,Personal Reasons
24187,24-06-2018,Better Opportunity
26926,13-12-2022,Personal Reasons
3964,12-09-2025,Unknown
1756,24-03-2023,Better Opportunity
10387,14-01-2017,Unknown
9061,01-06-2025,Retirement
1390,12-02-2023,Personal Reasons
38992,18-08-2025,Relocation
31885,14-04-2024,Relocation
32319,14-02-2019,Personal Reasons
8329,22-05-2024,Better Opportunity
3573,25-04-2022,Better Opportunity
6760,29-05-2022,Personal Reasons
43556,09-04-2025,Retirement
47280,06-10-2025,Retirement
36039,12-03-2024,Relocation
28821,11-01-2024,Unknown
23732,25-01-2024,Better Opportunity
26470,12-07-2021,Personal Reasons
3056,10-07-2024,Relocation
4099,05-04-2024,Unknown
49625,27-02-2020,Relocation
8561,17-02-2024,Unknown
41102,21-02-2025,Relocation
5789,20-06-2025,Relocation
9191,12-05-2025,Personal Reasons
34334,09-09-2025,Unknown
37892,04-03-2024,Relocation
4944,12-08-2023,Retirement
6345,03-02-2023,Personal Reasons
7571,07-10-2017,Unknown
34181,24-01-2025,Retirement
32911,08-09-2024,Retirement
48041,26-07-2021,Better Opportunity
10570,28-05-2021,Retirement
36138,01-07-2024,Relocation
34859,10-10-2020,Unknown
45817,25-10-2022,Unknown
5929,14-04-2022,Retirement
2150,20-07-2025,Personal Reasons
38309,02-01-2025,Better Opportunity
48597,23-11-2024,Unknown
12044,26-06-2025,Retirement
4464,27-01-2024,Retirement
8695,05-06-2025,Better Opportunity
42257,30-07-2022,Personal Reasons
32752,18-04-2024,Retirement
41331,31-08-2025,Retirement
43733,31-01-2022,Personal Reasons
19040,24-09-2020,Better Opportunity
28394,10-11-2024,Personal Reasons
45305,29-04-2023,Retirement
14990,01-11-2017,Relocation
38600,26-08-2019,Unknown
32066,06-02-2024,Personal Reasons
6555,29-09-2016,Retirement
6250,09-07-2024,Personal Reasons
39597,04-11-2024,Personal Reasons
6169,21-04-2024,Retirement
43544,19-04-2023,Unknown
7086,17-08-2022,Personal Reasons
6231,05-09-2019,Retirement
26245,31-12-2022,Retirement
8902,24-11-2024,Unknown
38477,04-06-2025,Personal Reasons
1928,07-08-2022,Better Opportunity
29506,18-10-2023,Personal Reasons
6624,14-05-2021,Retirement
39790,16-02-2022,Retirement
18111,05-04-2025,Retirement
12194,01-12-2020,Personal Reasons
45149,12-03-2025,Relocation
18677,02-12-2020,Better Opportunity
25640,24-06-2022,Relocation
13826,02-07-2020,Retirement
14317,28-01-2023,Better Opportunity
32091,21-12-2021,Better Opportunity
16197,24-05-2025,Unknown
34351,27-08-2023,Relocation
46391,21-06-2025,Unknown
9092,09-09-2023,Personal Reasons
2589,22-01-2022,Better Opportunity
36534,20-08-2019,Unknown
13892,13-01-2023,Retirement
18256,27-04-2024,Better Opportunity
5471,19-06-2024,Better Opportunity
32542,20-03-2024,Retirement
34658,08-05-2025,Retirement
11860,13-12-2022,Relocation
11260,06-05-2023,Personal Reasons
13299,06-01-2023,Relocation
31976,23-09-2020,Unknown
44392,05-01-2025,Relocation
44610,29-01-2025,Personal Reasons
31028,09-12-2023,Unknown
34002,11-06-2025,Better Opportunity
17899,08-09-2024,Better Opportunity
15166,03-06-2025,Personal Reasons
43533,29-06-2018,Personal Reasons
19904,17-06-2025,Relocation
4327,30-08-2022,Personal Reasons
47187,26-03-2025,Better Opportunity
7953,10-06-2018,Better Opportunity
3666,24-04-2022,Better Opportunity
11219,25-10-2022,Better Opportunity
43799,17-12-2023,Relocation
47814,18-04-2022,Unknown
43761,31-10-2018,Unknown
35727,09-07-2022,Relocation
44149,24-08-2025,Relocation
4599,18-05-2024,Unknown
15054,27-11-2024,Relocation
8257,05-07-2017,Relocation
39590,01-10-2018,Better Opportunity
36567,07-02-2024,Unknown
20430,09-12-2021,Unknown
48299,20-01-2024,Retirement
30084,07-03-2024,Relocation
11761,27-07-2025,Relocation
27135,08-04-2025,Personal Reasons
16090,10-01-2023,Unknown
30785,11-07-2020,Relocation
47040,28-02-2023,Relocation
19752,08-10-2022,Relocation
32139,08-07-2022,Better Opportunity
30565,29-09-2025,Retirement
40185,02-07-2024,Better Opportunity
6124,06-12-2023,Retirement
15491,13-03-2019,Relocation
16437,26-02-2019,Retirement
45707,21-07-2025,Personal Reasons
33871,04-03-2021,Unknown
20895,08-08-2023,Personal Reasons
40559,19-01-2023,Unknown
18062,22-11-2023,Retirement
3541,08-03-2021,Unknown
46903,17-06-2025,Relocation
10159,23-11-2020,Relocation
17684,29-07-2025,Better Opportunity
28212,29-11-2023,Unknown
38805,17-05-2025,Relocation
48142,08-03-2022,Personal Reasons
49278,21-07-2020,Unknown
15104,31-12-2022,Better Opportunity
42995,18-04-2023,Personal Reasons
402,15-09-2025,Retirement
26771,23-01-2024,Personal Reasons
41567,17-06-2020,Better Opportunity
40840,27-07-2025,Relocation
28585,16-06-2023,Personal Reasons
19432,02-09-2025,Better Opportunity
10407,20-06-2018,Relocation
33456,21-07-2024,Unknown
32898,28-07-2024,Relocation
18005,01-11-2020,Retirement
12337,29-07-2024,Better Opportunity
28997,21-04-2022,Relocation
22683,26-08-2024,Retirement
15512,05-01-2021,Personal Reasons
8034,05-12-2023,Retirement
6279,01-08-2023,Unknown
41556,10-01-2017,Better Opportunity
3974,07-09-2025,Unknown
9861,18-05-2022,Better Opportunity
10757,07-04-2022,Unknown
15749,18-11-2018,Personal Reasons
26378,21-11-2021,Better Opportunity
44811,03-05-2025,Personal Reasons
13328,27-09-2025,Personal Reasons
12627,03-03-2022,Better Opportunity
40217,11-04-2025,Personal Reasons
36677,26-02-2023,Relocation
2478,11-09-2025,Better Opportunity
46960,05-05-2023,Personal Reasons
48177,03-01-2025,Personal Reasons
3499,20-08-2024,Better Opportunity
11506,13-03-2025,Relocation
23431,21-03-2017,Personal Reasons
9699,27-09-2018,Relocation
16187,22-10-2024,Retirement
33107,19-05-2018,Retirement
35070,16-06-2021,Personal Reasons
14859,22-12-2024,Better Opportunity
31897,16-03-2024,Personal Reasons
19133,08-09-2023,Personal Reasons
21142,25-08-2025,Unknown
26804,22-08-2018,Better Opportunity
2561,25-07-2023,Better Opportunity
1989,13-09-2025,Personal Reasons
40391,07-11-2023,Relocation
29676,02-07-2025,Personal Reasons
29751,18-03-2024,Relocation
34382,12-04-2022,Retirement
46403,26-09-2025,Retirement
17945,27-10-2024,Personal Reasons
31865,06-05-2022,Personal Reasons
35273,06-08-2020,Relocation
46224,03-10-2025,Retirement
6336,11-06-2022,Retirement
32888,01-09-2025,Retirement
47666,10-09-2024,Unknown
13088,14-07-2025,Relocation
30368,23-06-2025,Relocation
36865,02-07-2021,Unknown
29017,08-04-2022,Personal Reasons
29700,02-03-2017,Retirement
28928,10-08-2025,Unknown
44857,19-11-2022,Personal Reasons
32268,13-09-2025,Better Opportunity
25387,14-05-2018,Unknown
3564,19-12-2019,Relocation
16731,23-11-2023,Retirement
24569,03-10-2024,Better Opportunity
36436,19-08-2024,Personal Reasons
43691,31-05-2025,Unknown
14344,02-08-2024,Relocation
9169,07-03-2025,Unknown
43360,29-01-2024,Unknown
29654,15-08-2024,Better Opportunity
2544,07-11-2022,Personal Reasons
12287,09-11-2020,Relocation
42820,30-11-2024,Personal Reasons
15781,27-10-2024,Personal Reasons
20317,03-07-2023,Better Opportunity
41247,02-04-2023,Personal Reasons
16533,04-12-2023,Unknown
49011,22-01-2020,Retirement
48259,13-05-2017,Retirement
19207,22-09-2025,Personal Reasons
10858,02-05-2025,Relocation
25779,01-03-2020,Relocation
25462,02-07-2025,Personal Reasons
9783,18-03-2023,Better Opportunity
42046,12-02-2025,Personal Reasons
27881,25-07-2022,Personal Reasons
27340,18-04-2025,Relocation
32864,14-10-2022,Retirement
47890,28-10-2023,Retirement
35125,14-02-2020,Retirement
41519,24-03-2025,Better Opportunity
18947,09-01-2024,Better Opportunity
34539,21-06-2024,Unknown
23590,17-03-2024,Personal Reasons
25837,16-10-2024,Relocation
42423,08-03-2023,Better Opportunity
42271,17-01-2023,Retirement
28723,07-10-2025,Relocation
32443,19-12-2024,Retirement
15146,28-04-2019,Unknown
4472,25-10-2023,Personal Reasons
43577,19-07-2021,Personal Reasons
6254,10-06-2020,Unknown
27980,23-10-2019,Personal Reasons
47527,23-05-2025,Unknown
29855,10-08-2022,Better Opportunity
48896,14-07-2021,Retirement
45618,07-10-2025,Unknown
22124,28-11-2021,Personal Reasons
28672,08-08-2025,Relocation
1263,12-11-2022,Better Opportunity
15102,11-11-2020,Personal Reasons
43067,30-10-2022,Relocation
30192,09-09-2025,Relocation
730,08-09-2023,Unknown
39929,12-01-2021,Retirement
39145,27-09-2025,Relocation
29717,23-03-2017,Unknown
31309,26-08-2025,Better Opportunity
47415,22-12-2022,Relocation
2605,24-02-2024,Better Opportunity
12979,14-09-2024,Relocation
17272,22-04-2024,Retirement
40650,31-05-2024,Relocation
15031,17-09-2025,Unknown
48673,08-08-2025,Better Opportunity
33245,12-07-2018,Unknown
39584,06-09-2025,Retirement
46162,18-10-2024,Unknown
44169,18-12-2023,Unknown
17323,20-01-2020,Unknown
28584,10-04-2023,Relocation
46916,01-02-2023,Retirement
31725,01-02-2024,Retirement
29120,08-03-2023,Relocation
48959,03-05-2023,Unknown
44043,20-10-2020,Unknown
44555,18-04-2025,Personal Reasons
49566,13-01-2019,Personal Reasons
44809,04-06-2024,Unknown
10173,04-10-2025,Relocation
33214,06-06-2024,Unknown
24064,13-05-2024,Personal Reasons
2376,21-05-2025,Personal Reasons
42287,22-06-2025,Personal Reasons
46688,11-01-2024,Better Opportunity
28332,18-07-2021,Personal Reasons
21957,01-12-2021,Relocation
37427,24-12-2022,Retirement
29469,03-04-2023,Retirement
33218,25-02-2025,Personal Reasons
29319,30-08-2025,Retirement
12372,07-01-2022,Unknown
32078,30-08-2024,Retirement
5306,13-09-2021,Personal Reasons
48388,27-07-2025,Retirement
24438,14-12-2024,Personal Reasons
9957,19-12-2023,Unknown
33827,02-06-2021,Better Opportunity
16233,27-11-2023,Retirement
8827,16-08-2020,Retirement
17699,05-02-2024,Personal Reasons
24419,21-10-2019,Personal Reasons
29905,01-10-2020,Relocation
26870,03-10-2024,Better Opportunity
9354,17-10-2021,Relocation
45096,21-06-2020,Personal Reasons
40153,30-12-2024,Better Opportunity
2171,15-11-2022,Relocation
29453,07-03-2024,Personal Reasons
813,20-03-2017,Personal Reasons
39551,17-04-2023,Relocation
39926,05-10-2022,Unknown
42753,20-03-2023,Better Opportunity
20375,11-02-2025,Unknown
36596,20-11-2024,Relocation
7958,16-09-2023,Personal Reasons
9080,23-09-2024,Personal Reasons
10723,08-01-2020,Relocation
14405,10-10-2025,Relocation
42912,30-07-2024,Relocation
25967,06-10-2025,Better Opportunity
22839,04-08-2024,Retirement
36238,08-06-2025,Better Opportunity
6599,21-12-2024,Relocation
14262,05-07-2020,Personal Reasons
19865,28-12-2019,Unknown
34402,04-07-2022,Personal Reasons
46605,11-01-2024,Better Opportunity
20170,15-09-2025,Unknown
29471,20-03-2025,Unknown
28791,03-01-2025,Unknown
11440,06-10-2021,Better Opportunity
34291,17-09-2024,Unknown
34340,29-12-2019,Better Opportunity
1105,07-10-2023,Personal Reasons
28529,26-08-2024,Unknown
40235,31-12-2023,Retirement
25678,29-10-2023,Retirement
515,22-12-2024,Relocation
155,11-09-2021,Better Opportunity
27788,18-06-2018,Better Opportunity
3040,24-05-2025,Retirement
5459,21-07-2025,Better Opportunity
39208,07-12-2017,Better Opportunity
8970,21-09-2025,Relocation
10416,27-04-2025,Unknown
38623,27-05-2025,Relocation
26171,07-07-2024,Personal Reasons
38535,25-06-2024,Retirement
12865,02-01-2025,Better Opportunity
43437,03-05-2025,Relocation
40513,18-10-2019,Unknown
3858,15-08-2025,Unknown
33919,29-04-2021,Better Opportunity
13999,21-09-2021,Retirement
35565,28-09-2023,Relocation
21754,01-06-2019,Unknown
47124,24-11-2017,Personal Reasons
16372,28-02-2024,Retirement
44935,11-07-2025,Better Opportunity
10999,29-07-2023,Relocation
46448,18-02-2024,Relocation
32901,22-05-2025,Better Opportunity
608,28-07-2025,Better Opportunity
2815,05-03-2019,Better Opportunity
20282,08-10-2020,Retirement
20940,04-08-2025,Relocation
44359,07-08-2019,Relocation
7729,30-12-2023,Retirement
641,19-09-2022,Personal Reasons
30307,21-04-2025,Unknown
21438,17-04-2025,Personal Reasons
11104,10-01-2024,Better Opportunity
28868,10-11-2021,Relocation
13936,09-06-2024,Unknown
27307,11-06-2025,Retirement
7857,24-11-2024,Better Opportunity
19808,05-11-2024,Better Opportunity
14653,21-02-2020,Relocation
6490,19-08-2020,Unknown
3782,05-04-2025,Retirement
32569,18-04-2024,Better Opportunity
21774,28-02-2024,Retirement
43302,04-03-2022,Better Opportunity
11599,21-06-2024,Unknown
38331,16-10-2024,Unknown
48351,08-09-2023,Unknown
6388,10-07-2024,Personal Reasons
536,27-06-2025,Relocation
14897,02-08-2018,Better Opportunity
33878,23-12-2024,Relocation
34972,01-10-2018,Better Opportunity
30471,08-06-2020,Unknown
14826,20-06-2025,Better Opportunity
11630,15-04-2025,Relocation
32337,26-05-2021,Better Opportunity
242,03-06-2025,Better Opportunity
40201,07-03-2018,Better Opportunity
11109,07-06-2025,Better Opportunity
7048,14-02-2023,Retirement
20208,02-10-2025,Better Opportunity
5235,16-05-2021,Relocation
12015,08-03-2025,Personal Reasons
36088,05-09-2024,Unknown
1273,05-03-2022,Retirement
8679,25-03-2023,Retirement
11521,25-10-2024,Retirement
48319,07-12-2020,Unknown
9477,24-12-2024,Retirement
49735,16-08-2025,Better Opportunity
22132,25-09-2021,Personal Reasons
12465,19-08-2021,Personal Reasons
4441,27-11-2022,Unknown
34458,10-12-2022,Unknown
14743,13-07-2022,Better Opportunity
30378,26-05-2019,Retirement
42220,20-02-2024,Personal Reasons
28407,12-03-2019,Retirement
20647,03-09-2023,Unknown
2510,28-11-2023,Retirement
41283,07-11-2023,Unknown
20031,09-05-2024,Relocation
19018,04-07-2025,Retirement
34377,15-06-2019,Better Opportunity
46996,09-10-2025,Relocation
23174,21-07-2025,Personal Reasons
35478,30-01-2016,Unknown
17064,19-03-2025,Relocation
41149,10-04-2025,Unknown
5628,25-08-2024,Personal Reasons
29248,10-08-2025,Retirement
49543,20-07-2025,Personal Reasons
24552,11-03-2023,Personal Reasons
11172,21-12-2019,Unknown
49939,13-04-2025,Retirement
1142,15-04-2021,Personal Reasons
48812,28-07-2023,Better Opportunity
13319,15-10-2024,Relocation
16084,03-10-2020,Relocation
20106,04-09-2025,Better Opportunity
24472,26-08-2021,Better Opportunity
44710,11-06-2018,Relocation
47518,20-04-2019,Unknown
40417,05-12-2024,Personal Reasons
11589,24-06-2024,Personal Reasons
43115,17-04-2024,Retirement
45262,14-07-2023,Better Opportunity
41363,06-11-2024,Retirement
19467,31-08-2020,Relocation
40416,23-08-2021,Unknown
2410,06-08-2024,Unknown
25364,12-11-2024,Relocation
44166,27-11-2021,Retirement
32666,05-01-2025,Unknown
8993,19-01-2024,Personal Reasons
22933,30-07-2025,Retirement
4682,20-05-2025,Better Opportunity
34119,03-10-2019,Better Opportunity
13212,04-04-2025,Better Opportunity
17986,16-08-2025,Unknown
15823,22-05-2024,Unknown
634,06-01-2024,Relocation
5237,30-10-2024,Relocation
30195,23-11-2024,Better Opportunity
48095,19-12-2023,Personal Reasons
47443,29-07-2025,Unknown
3570,23-03-2020,Personal Reasons
25247,08-03-2024,Retirement
48913,15-01-2022,Retirement
33633,16-04-2025,Personal Reasons
842,02-01-2023,Unknown
34200,11-05-2025,Better Opportunity
43467,03-02-2025,Relocation
6476,05-08-2025,Relocation
44738,07-10-2016,Better Opportunity
15437,21-12-2024,Unknown
39875,20-01-2025,Personal Reasons
13353,06-03-2025,Unknown
43461,02-08-2022,Better Opportunity
34459,24-12-2017,Personal Reasons
1469,08-11-2019,Retirement
43984,24-03-2022,Unknown
11788,01-01-2022,Better Opportunity
9716,07-06-2025,Unknown
36128,07-06-2025,Unknown
3934,26-12-2018,Retirement
3722,14-01-2025,Better Opportunity
12514,28-08-2022,Unknown
36095,02-08-2023,Retirement
3273,16-05-2023,Relocation
7465,13-08-2018,Personal Reasons
25734,01-11-2023,Personal Reasons
17626,12-09-2023,Personal Reasons
15534,23-05-2025,Personal Reasons
8278,02-12-2024,Retirement
18962,17-07-2023,Personal Reasons
34314,24-10-2023,Relocation
4863,08-03-2020,Retirement
22174,20-02-2025,Personal Reasons
31869,02-04-2018,Relocation
38452,02-03-2018,Relocation
18330,14-11-2020,Better Opportunity
2367,15-12-2020,Retirement
8773,19-08-2024,Personal Reasons
7608,07-11-2016,Relocation
33653,22-08-2023,Unknown
24309,04-09-2023,Better Opportunity
48835,10-10-2025,Relocation
48148,08-10-2018,Relocation
21410,31-12-2021,Better Opportunity
32487,20-08-2017,Better Opportunity
23504,10-10-2025,Personal Reasons
26763,10-08-2025,Unknown
20952,05-07-2024,Personal Reasons
11969,23-06-2025,Relocation
32020,25-08-2021,Unknown
24468,26-03-2017,Unknown
43541,21-08-2025,Relocation
38998,16-03-2025,Relocation
345,06-07-2025,Relocation
21040,26-09-2022,Retirement
42457,28-06-2025,Unknown
47874,21-10-2020,Relocation
36186,19-12-2022,Relocation
16773,30-03-2018,Personal Reasons
17110,14-08-2025,Retirement
25487,16-05-2020,Relocation
35357,07-09-2024,Better Opportunity
28448,10-10-2025,Relocation
6088,21-07-2022,Better Opportunity
32009,14-05-2025,Better Opportunity
33607,09-07-2025,Retirement
20207,08-12-2022,Relocation
8148,20-03-2024,Retirement
13308,05-09-2024,Relocation
21113,31-10-2022,Unknown
22982,26-11-2024,Unknown
49234,13-07-2023,Personal Reasons
26652,18-12-2023,Relocation
47508,24-04-2023,Personal Reasons
21246,27-08-2025,Unknown
46431,13-05-2025,Relocation
42253,09-10-2025,Retirement
8742,28-08-2022,Personal Reasons
14209,12-12-2024,Relocation
19488,08-03-2025,Relocation
48382,14-01-2022,Retirement
32662,25-01-2021,Retirement
28994,05-06-2019,Personal Reasons
34389,07-07-2020,Unknown
15068,06-12-2024,Better Opportunity
27419,22-12-2021,Unknown
30106,22-02-2024,Relocation
19894,02-09-2017,Unknown
25041,18-07-2024,Personal Reasons
45945,11-01-2024,Unknown
19069,08-02-2023,Relocation
34793,12-06-2025,Relocation
38793,20-09-2024,Relocation
37015,21-01-2025,Retirement
40782,08-10-2020,Unknown
29296,21-01-2023,Relocation
18732,13-05-2021,Retirement
49431,13-03-2023,Relocation
7551,31-07-2022,Relocation
18969,02-04-2019,Better Opportunity
34082,27-01-2020,Relocation
37418,21-03-2025,Better Opportunity
15218,18-05-2025,Better Opportunity
17851,03-07-2020,Unknown
82,09-03-2022,Relocation
37219,06-09-2024,Relocation
2342,13-11-2019,Retirement
3514,03-07-2025,Unknown
13041,09-11-2023,Better Opportunity
2529,16-08-2025,Unknown
43227,14-06-2019,Retirement
2205,22-03-2020,Personal Reasons
14573,29-06-2025,Personal Reasons
38944,29-11-2023,Better Opportunity
489,21-05-2024,Personal Reasons
29127,19-08-2019,Retirement
49946,23-06-2020,Unknown
37230,11-02-2024,Retirement
39493,28-05-2022,Unknown
35598,08-11-2023,Relocation
18181,12-10-2023,Unknown
27006,07-06-2025,Personal Reasons
35436,08-08-2025,Unknown
16476,03-05-2025,Relocation
28347,17-03-2025,Better Opportunity
28036,27-06-2020,Relocation
21691,02-12-2024,Personal Reasons
49384,31-07-2021,Better Opportunity
36003,21-04-2020,Relocation
180,08-07-2023,Unknown
34508,19-07-2022,Better Opportunity
47910,01-03-2023,Personal Reasons
23425,12-08-2025,Relocation
23719,11-05-2021,Better Opportunity
42293,14-09-2025,Relocation
31162,22-10-2024,Unknown
36815,15-08-2025,Better Opportunity
43152,01-12-2021,Unknown
23169,08-03-2025,Retirement
24562,12-06-2023,Unknown
46752,03-07-2023,Personal Reasons
26806,25-09-2025,Relocation
25340,08-04-2024,Unknown
31945,05-07-2025,Unknown
19566,03-09-2017,Retirement
24580,06-03-2024,Personal Reasons
44011,29-11-2024,Retirement
45174,26-05-2024,Unknown
4299,11-12-2022,Better Opportunity
42389,22-03-2025,Personal Reasons
24205,03-10-2025,Personal Reasons
29156,26-06-2024,Personal Reasons
47162,25-05-2023,Relocation
46154,30-06-2025,Personal Reasons
46231,21-01-2025,Retirement
27186,03-11-2021,Unknown
17578,12-07-2025,Unknown
284,08-07-2024,Relocation
698,30-01-2020,Retirement
22769,13-09-2024,Unknown
47420,29-10-2024,Unknown
37338,02-10-2025,Relocation
15103,04-06-2025,Retirement
49327,26-11-2023,Better Opportunity
26579,14-03-2023,Unknown
34599,01-08-2020,Retirement
26679,06-10-2025,Better Opportunity
11486,13-01-2024,Unknown
29897,04-04-2022,Better Opportunity
15000,03-09-2023,Retirement
16907,24-02-2023,Retirement
26424,30-05-2023,Retirement
27264,30-10-2022,Better Opportunity
3402,10-10-2024,Unknown
14342,22-09-2025,Relocation
21898,03-08-2022,Better Opportunity
14777,12-07-2024,Retirement
11554,04-02-2022,Unknown
21039,01-07-2017,Better Opportunity
21439,06-01-2025,Personal Reasons
7734,18-09-2022,Retirement
20394,21-04-2022,Better Opportunity
47297,14-02-2019,Better Opportunity
8754,22-09-2024,Unknown
511,06-04-2023,Personal Reasons
37085,24-08-2025,Personal Reasons
38441,21-09-2024,Relocation
30236,16-06-2021,Unknown
48971,18-08-2024,Retirement
29746,28-11-2019,Personal Reasons
19540,23-11-2020,Personal Reasons
15893,18-08-2019,Retirement
16551,30-05-2025,Relocation
749,12-08-2024,Unknown
3597,17-03-2023,Better Opportunity
43085,15-11-2024,Relocation
22483,26-01-2020,Unknown
17158,17-06-2025,Relocation
29438,06-05-2024,Relocation
35817,01-08-2025,Unknown
17183,03-11-2022,Better Opportunity
9096,28-09-2024,Relocation
33527,17-07-2024,Unknown
44153,31-03-2024,Personal Reasons
31167,27-06-2025,Unknown
41148,18-02-2020,Relocation
34704,25-02-2019,Relocation
9505,02-10-2017,Better Opportunity
19836,08-11-2023,Retirement
46257,09-11-2024,Retirement
32427,20-03-2019,Relocation
23553,27-01-2023,Personal Reasons
37212,11-04-2025,Personal Reasons
33740,25-10-2024,Better Opportunity
24292,28-09-2024,Personal Reasons
48863,06-09-2024,Unknown
14704,09-10-2024,Better Opportunity
10950,23-09-2025,Retirement
3282,23-09-2025,Retirement
13530,28-04-2024,Unknown
16070,14-10-2023,Retirement
13223,09-01-2024,Relocation
9465,27-07-2023,Unknown
46790,28-05-2023,Retirement
36418,08-09-2020,Retirement
24950,11-07-2024,Personal Reasons
44350,05-06-2021,Relocation
34902,17-09-2018,Better Opportunity
8844,19-12-2017,Relocation
22334,20-06-2024,Better Opportunity
31599,30-04-2019,Relocation
19687,08-03-2020,Personal Reasons
23576,19-02-2022,Retirement
8986,24-10-2023,Personal Reasons
49353,14-04-2024,Unknown
17179,31-05-2025,Retirement
6161,30-10-2019,Relocation
18219,02-04-2025,Personal Reasons
24676,31-05-2023,Relocation
13008,16-04-2024,Relocation
23224,24-06-2024,Better Opportunity
46397,26-09-2017,Relocation
26222,15-09-2019,Relocation
32587,23-11-2021,Unknown
5731,24-02-2019,Unknown
9245,06-10-2020,Better Opportunity
45259,26-03-2021,Relocation
1083,19-11-2024,Personal Reasons
49698,21-07-2019,Relocation
19154,18-05-2024,Personal Reasons
14375,16-08-2024,Unknown
43028,07-09-2022,Retirement
2460,16-10-2024,Better Opportunity
23390,14-08-2025,Unknown
24643,18-04-2025,Better Opportunity
39072,13-05-2024,Better Opportunity
27634,19-06-2020,Retirement
31430,22-05-2025,Retirement
47809,27-10-2022,Relocation
43321,01-03-2025,Relocation
7188,28-07-2021,Retirement
48192,28-02-2025,Retirement
5140,19-07-2025,Unknown
11338,07-07-2025,Personal Reasons
24400,22-12-2023,Retirement
11020,10-12-2023,Better Opportunity
27445,27-06-2024,Retirement
7955,01-08-2023,Relocation
28297,27-09-2024,Better Opportunity
20785,28-05-2023,Retirement
46440,17-02-2025,Relocation
7373,17-03-2019,Personal Reasons
13664,03-05-2017,Better Opportunity
32048,01-05-2021,Relocation
11199,24-10-2023,Personal Reasons
25689,30-07-2021,Better Opportunity
27893,25-04-2020,Relocation
4449,23-09-2025,Relocation
30287,27-02-2021,Relocation
9140,11-05-2023,Relocation
7954,15-03-2021,Better Opportunity
44438,29-03-2020,Retirement
16195,27-05-2025,Retirement
18612,28-08-2025,Better Opportunity
4704,07-08-2020,Better Opportunity
6710,15-07-2025,Personal Reasons
35455,14-08-2025,Unknown
42878,12-05-2025,Personal Reasons
8809,15-09-2023,Unknown
45957,01-01-2025,Better Opportunity
47106,04-07-2021,Retirement
23415,21-08-2018,Relocation
25502,26-04-2023,Relocation
37446,24-05-2023,Relocation
49147,06-10-2020,Better Opportunity
1943,25-09-2025,Retirement
33096,21-06-2024,Unknown
34930,29-12-2019,Retirement
21377,15-08-2022,Better Opportunity
39522,01-06-2025,Personal Reasons
19151,17-01-2025,Better Opportunity
20137,11-05-2025,Unknown
41866,21-11-2023,Unknown
9308,29-05-2025,Personal Reasons
41071,14-05-2019,Better Opportunity
29929,28-04-2023,Unknown
41959,15-10-2024,Relocation
40605,23-07-2024,Unknown
9575,09-03-2022,Relocation
28080,01-10-2025,Relocation
7380,22-05-2024,Better Opportunity
17012,14-07-2018,Better Opportunity
19316,01-12-2020,Personal Reasons
47253,16-03-2025,Better Opportunity
36558,21-08-2022,Better Opportunity
14869,01-01-2020,Better Opportunity
29903,10-06-2023,Better Opportunity
4456,24-06-2022,Relocation
34856,05-07-2025,Unknown
38063,12-06-2025,Personal Reasons
19667,11-02-2024,Retirement
20791,30-08-2025,Relocation
8632,21-06-2020,Personal Reasons
23134,26-11-2024,Unknown
10111,21-07-2021,Better Opportunity
9482,01-08-2024,Relocation
12512,23-03-2023,Unknown
4076,01-03-2025,Retirement
26850,26-09-2024,Personal Reasons
25869,09-06-2023,Retirement
25196,07-06-2018,Unknown
42672,10-09-2021,Relocation
29502,17-07-2024,Unknown
32934,09-02-2025,Personal Reasons
11518,30-08-2023,Relocation
28810,26-12-2024,Retirement
48058,27-01-2017,Unknown
46235,04-10-2023,Retirement
31871,09-02-2025,Unknown
1643,17-04-2021,Relocation
49899,14-01-2025,Unknown
16787,21-04-2024,Retirement
40714,13-08-2025,Better Opportunity
38514,01-09-2024,Unknown
31460,11-09-2025,Relocation
16880,15-06-2024,Personal Reasons
9152,31-08-2021,Retirement
19721,19-03-2024,Personal Reasons
6202,21-03-2024,Relocation
21229,21-01-2024,Relocation
30978,18-08-2017,Unknown
11318,11-08-2024,Retirement
48311,12-05-2025,Personal Reasons
9234,24-10-2024,Unknown
28981,17-03-2023,Relocation
21335,08-11-2023,Personal Reasons
24517,11-05-2025,Better Opportunity
40622,23-12-2023,Relocation
45698,31-05-2023,Personal Reasons
30826,14-08-2025,Personal Reasons
34892,29-11-2020,Personal Reasons
24267,19-08-2019,Relocation
7367,22-03-2020,Unknown
11965,20-09-2025,Relocation
2375,28-08-2025,Better Opportunity
41196,06-02-2023,Unknown
20917,16-08-2025,Unknown
21857,29-11-2020,Retirement
34660,21-09-2022,Retirement
19921,06-08-2023,Relocation
21712,05-07-2021,Relocation
26069,11-03-2024,Better Opportunity
49248,27-03-2025,Personal Reasons
2552,22-01-2025,Better Opportunity
3826,27-10-2023,Unknown
43723,03-09-2019,Unknown
45465,15-04-2022,Better Opportunity
6149,15-02-2020,Better Opportunity
39097,27-07-2016,Relocation
477,23-01-2021,Retirement
48190,18-12-2022,Retirement
42522,29-04-2024,Personal Reasons
19741,14-06-2024,Retirement
28031,02-04-2024,Unknown
18756,08-06-2022,Personal Reasons
39605,23-04-2025,Better Opportunity
34496,27-11-2021,Personal Reasons
43817,05-03-2024,Personal Reasons
14084,07-12-2022,Retirement
6986,01-09-2024,Personal Reasons
14789,13-05-2024,Retirement
38647,06-04-2022,Unknown
46421,11-12-2024,Personal Reasons
23759,11-02-2023,Retirement
10994,21-03-2023,Retirement
46674,08-03-2024,Relocation
47701,07-02-2022,Better Opportunity
12546,31-08-2023,Personal Reasons
20712,24-11-2022,Personal Reasons
15464,06-07-2024,Personal Reasons
18030,09-02-2023,Better Opportunity
1944,30-07-2024,Better Opportunity
22864,05-03-2025,Relocation
42881,08-03-2021,Better Opportunity
6567,21-05-2022,Better Opportunity
27954,16-04-2025,Relocation
40068,16-01-2025,Unknown
42531,27-05-2025,Better Opportunity
41918,24-10-2023,Retirement
18089,18-02-2023,Retirement
27189,05-03-2024,Better Opportunity
39870,26-02-2020,Unknown
46406,21-10-2021,Unknown
4511,29-12-2023,Retirement
25867,22-12-2023,Personal Reasons
22746,09-12-2024,Retirement
39641,26-04-2025,Relocation
33333,04-01-2023,Retirement
46195,16-08-2023,Personal Reasons
27675,15-09-2021,Relocation
13280,17-11-2018,Relocation
164,17-01-2023,Unknown
45281,16-07-2022,Retirement
7441,15-02-2021,Unknown
7151,21-04-2023,Retirement
22935,24-06-2023,Personal Reasons
24,14-08-2025,Unknown
24986,10-10-2021,Unknown
27008,02-11-2019,Unknown
39443,12-11-2022,Personal Reasons
33185,05-02-2023,Retirement
703,01-05-2021,Unknown
30963,21-07-2025,Relocation
7087,27-06-2024,Retirement
11660,14-10-2022,Relocation
25193,08-05-2025,Relocation
40074,05-05-2023,Relocation
7721,30-06-2025,Unknown
34479,08-02-2025,Relocation
37157,29-01-2020,Better Opportunity
22120,23-05-2023,Relocation
49758,18-05-2024,Unknown
41964,02-02-2024,Retirement
5478,18-10-2017,Unknown
28026,29-08-2024,Relocation
1917,23-09-2021,Unknown
9896,25-10-2019,Retirement
32582,15-06-2024,Better Opportunity
43875,20-02-2022,Unknown
510,08-10-2022,Personal Reasons
48446,26-12-2024,Unknown
22182,05-11-2016,Better Opportunity
19323,26-02-2025,Relocation
12436,02-10-2025,Better Opportunity
41335,16-06-2023,Personal Reasons
38026,25-09-2025,Retirement
15869,19-11-2023,Personal Reasons
5380,10-08-2025,Relocation
48519,13-02-2023,Relocation
31100,01-09-2021,Unknown
42243,13-09-2025,Retirement
3495,08-01-2023,Relocation
2719,12-09-2024,Retirement
781,24-11-2021,Retirement
21892,19-03-2025,Better Opportunity
15791,14-08-2022,Retirement
26057,04-09-2025,Unknown
29594,13-12-2024,Retirement
11553,02-04-2020,Personal Reasons
28294,10-04-2022,Unknown
18601,17-04-2023,Better Opportunity
34045,22-04-2018,Retirement
10431,11-10-2023,Unknown
37816,21-03-2024,Retirement
25562,06-05-2022,Unknown
29832,01-10-2025,Retirement
42401,25-10-2024,Retirement
47971,17-02-2024,Relocation
5472,21-07-2023,Personal Reasons
14527,18-09-2017,Better Opportunity
17885,13-02-2025,Relocation
27201,23-04-2020,Retirement
2947,14-02-2024,Unknown
33976,12-12-2024,Personal Reasons
43654,05-07-2024,Relocation
41436,19-10-2024,Retirement
39173,26-01-2024,Better Opportunity
40833,14-08-2020,Better Opportunity
46879,29-09-2023,Relocation
43698,07-08-2025,Better Opportunity
31344,09-09-2025,Unknown
31524,25-10-2020,Relocation
27331,11-12-2016,Relocation
49024,03-01-2020,Unknown
40739,13-07-2025,Better Opportunity
42680,15-08-2025,Relocation
24429,27-02-2019,Personal Reasons
19428,31-07-2022,Unknown
47016,07-08-2024,Relocation
4138,15-07-2025,Relocation
28076,02-10-2024,Personal Reasons
12381,15-04-2021,Relocation
25955,30-05-2017,Relocation
32442,12-04-2025,Better Opportunity
9371,21-10-2021,Relocation
32029,14-12-2018,Relocation
43591,11-06-2022,Relocation
24131,19-08-2025,Better Opportunity
8466,11-08-2022,Retirement
42523,08-05-2019,Unknown
26133,02-07-2018,Unknown
12034,16-06-2025,Unknown
32426,04-06-2023,Retirement
17878,07-09-2021,Retirement
6415,22-05-2021,Relocation
16368,16-11-2023,Unknown
23079,26-10-2020,Better Opportunity
37737,12-06-2021,Relocation
45489,28-05-2025,Retirement
13868,05-07-2023,Better Opportunity
6238,19-08-2024,Personal Reasons
8506,05-09-2021,Personal Reasons
47655,16-07-2025,Unknown
19454,30-09-2025,Relocation
13760,25-09-2019,Personal Reasons
9707,03-01-2022,Relocation
438,18-09-2024,Better Opportunity
7976,02-07-2025,Retirement
47026,31-08-2024,Retirement
2258,01-05-2025,Better Opportunity
33114,26-08-2023,Relocation
8583,05-01-2024,Unknown
22914,07-04-2024,Personal Reasons
17336,02-09-2024,Unknown
23938,18-08-2025,Better Opportunity
10465,02-01-2025,Personal Reasons
28521,14-07-2025,Relocation
40983,28-12-2018,Retirement
22233,02-03-2017,Relocation
11963,09-09-2024,Retirement
29907,22-04-2025,Relocation
13355,02-09-2025,Relocation
10441,03-09-2024,Unknown
32018,18-11-2023,Better Opportunity
4230,19-02-2025,Personal Reasons
23150,15-01-2021,Unknown
34742,14-09-2022,Relocation
2097,07-06-2025,Personal Reasons
48683,01-04-2024,Personal Reasons
43959,27-01-2024,Unknown
1324,11-05-2017,Retirement
47805,21-03-2025,Unknown
34033,06-01-2024,Relocation
9522,17-02-2021,Unknown
27635,23-07-2025,Better Opportunity
38522,16-03-2024,Personal Reasons
8066,22-09-2020,Unknown
16498,23-08-2025,Personal Reasons
9603,28-04-2022,Retirement
15701,27-02-2025,Unknown
2267,22-05-2020,Personal Reasons
25605,16-05-2022,Retirement
47622,23-04-2025,Unknown
45883,06-12-2022,Relocation
24085,08-08-2025,Relocation
542,22-02-2023,Retirement
26586,25-08-2025,Better Opportunity
5055,25-08-2025,Retirement
30358,14-12-2019,Unknown
23091,22-03-2023,Personal Reasons
48939,18-06-2022,Retirement
49865,03-06-2025,Personal Reasons
16106,06-06-2025,Personal Reasons
40682,23-05-2025,Relocation
4555,28-08-2025,Personal Reasons
14888,07-05-2023,Personal Reasons
10509,25-06-2024,Relocation
14467,27-04-2024,Relocation
29081,12-10-2023,Retirement
19771,02-08-2023,Relocation
17666,05-12-2024,Retirement
26015,09-10-2023,Unknown
49710,17-12-2024,Personal Reasons
11769,23-05-2020,Better Opportunity
5077,28-11-2024,Personal Reasons
21029,11-12-2019,Personal Reasons
31222,04-08-2022,Personal Reasons
20289,04-12-2024,Retirement
20989,11-09-2020,Personal Reasons
24953,09-10-2025,Better Opportunity
39980,27-01-2025,Unknown
48997,04-06-2025,Unknown
5110,12-06-2025,Personal Reasons
17631,05-02-2021,Relocation
751,06-01-2025,Better Opportunity
23870,12-09-2020,Personal Reasons
42074,05-01-2023,Personal Reasons
2536,01-09-2018,Better Opportunity
6651,29-09-2025,Retirement
45898,15-04-2018,Unknown
17595,25-09-2022,Unknown
33599,13-07-2023,Better Opportunity
13067,02-03-2024,Personal Reasons
1144,18-11-2023,Unknown
38261,22-01-2023,Unknown
16216,06-10-2025,Retirement
20447,09-11-2023,Personal Reasons
22210,15-11-2024,Relocation
45715,06-05-2025,Better Opportunity
36548,28-12-2020,Relocation
39532,15-12-2024,Retirement
39885,29-11-2024,Relocation
26020,29-04-2018,Retirement
3294,13-06-2023,Retirement
2245,08-07-2024,Better Opportunity
21711,11-04-2020,Better Opportunity
10085,09-10-2025,Retirement
21038,10-04-2025,Retirement
49658,19-05-2023,Relocation
33634,30-06-2024,Retirement
27399,30-07-2025,Retirement
3373,26-07-2022,Unknown
579,18-12-2024,Personal Reasons
10846,04-06-2025,Retirement
21223,06-10-2025,Relocation
29361,12-01-2024,Retirement
27497,26-07-2020,Unknown
43475,24-04-2024,Better Opportunity
923,02-06-2025,Unknown
36841,28-12-2020,Relocation
28568,06-04-2023,Personal Reasons
32667,30-01-2023,Better Opportunity
47121,30-07-2023,Better Opportunity
20476,11-11-2023,Unknown
43213,22-11-2018,Unknown
29276,12-04-2023,Personal Reasons
28021,02-10-2025,Relocation
29147,19-06-2024,Personal Reasons
37084,28-08-2021,Unknown
8471,27-01-2024,Personal Reasons
20527,06-06-2024,Better Opportunity
6478,23-06-2025,Retirement
32434,02-11-2024,Better Opportunity
19512,01-07-2022,Relocation
42314,28-07-2023,Personal Reasons
4548,11-08-2024,Unknown
43030,20-04-2024,Relocation
9929,09-04-2021,Personal Reasons
20670,07-07-2024,Relocation
224,21-03-2025,Unknown
11570,15-02-2022,Retirement
21994,19-06-2025,Retirement
598,01-12-2023,Personal Reasons
6274,27-09-2025,Retirement
11117,16-08-2022,Personal Reasons
12639,11-10-2025,Retirement
12957,18-12-2022,Personal Reasons
14561,10-01-2024,Unknown
38350,05-07-2022,Unknown
31423,23-06-2025,Personal Reasons
40123,05-09-2025,Relocation
22612,08-10-2025,Personal Reasons
21547,23-12-2019,Retirement
49245,23-07-2021,Personal Reasons
19275,13-10-2024,Relocation
5295,16-03-2023,Retirement
17129,02-10-2025,Retirement
22010,01-09-2023,Personal Reasons
25017,07-11-2018,Better Opportunity
15565,14-08-2023,Better Opportunity
8912,15-09-2025,Better Opportunity
29468,16-06-2025,Better Opportunity
36807,11-09-2023,Unknown
1650,07-10-2025,Better Opportunity
30972,19-11-2021,Relocation
22517,30-11-2018,Personal Reasons
37906,17-11-2021,Better Opportunity
264,01-02-2017,Personal Reasons
12161,20-07-2025,Personal Reasons
6484,17-12-2019,Unknown
23593,05-12-2021,Relocation
43796,05-05-2022,Unknown
47544,17-07-2020,Relocation
329,22-04-2025,Retirement
28576,08-02-2024,Relocation
48405,16-09-2022,Personal Reasons
214,27-03-2021,Unknown
4960,27-02-2018,Relocation
33014,17-02-2024,Personal Reasons
20210,04-09-2025,Retirement
47046,02-05-2025,Personal Reasons
18927,14-03-2025,Retirement
7202,17-06-2018,Retirement
6816,08-12-2024,Unknown
41731,17-06-2025,Relocation
38984,21-06-2023,Unknown
36249,25-09-2020,Retirement
14807,30-04-2024,Better Opportunity
41169,22-05-2023,Relocation
41716,17-07-2025,Retirement
5590,05-11-2024,Retirement
14995,26-11-2021,Retirement
11299,24-11-2024,Retirement
25110,12-03-2022,Better Opportunity
24206,30-09-2025,Unknown
8138,23-12-2016,Retirement
37633,19-02-2021,Relocation
21482,24-06-2025,Better Opportunity
20095,04-10-2017,Better Opportunity
36011,28-06-2025,Relocation
12544,29-11-2024,Unknown
47589,18-07-2025,Relocation
30458,12-12-2020,Retirement
1845,04-07-2025,Relocation
29653,26-01-2021,Better Opportunity
29817,27-08-2022,Relocation
47030,19-01-2016,Relocation
2708,01-03-2022,Relocation
16941,14-01-2020,Personal Reasons
29082,23-09-2024,Personal Reasons
35772,26-02-2022,Relocation
6022,13-07-2025,Retirement
10721,08-05-2020,Relocation
41002,31-07-2024,Personal Reasons
35115,13-12-2019,Retirement
43546,05-03-2024,Better Opportunity
24697,13-11-2021,Unknown
8492,07-10-2025,Unknown
13641,10-04-2021,Retirement
46435,30-06-2024,Better Opportunity
17215,15-07-2022,Personal Reasons
30645,03-05-2025,Unknown
18038,23-09-2019,Better Opportunity
31086,28-08-2020,Relocation
531,07-10-2024,Personal Reasons
46886,24-05-2022,Retirement
47013,09-08-2024,Retirement
31572,28-09-2023,Retirement
14667,01-01-2024,Better Opportunity
40419,07-07-2022,Unknown
46976,04-03-2025,Retirement
16884,08-03-2022,Personal Reasons
20728,17-01-2024,Unknown
918,10-12-2020,Better Opportunity
25581,07-06-2025,Personal Reasons
24768,23-07-2025,Better Opportunity
37810,14-10-2022,Retirement
9076,09-08-2023,Relocation
32724,22-07-2020,Retirement
12922,04-05-2019,Unknown
36109,10-01-2022,Unknown
37647,14-07-2024,Unknown
8353,11-03-2025,Better Opportunity
2884,02-06-2022,Personal Reasons
42163,05-09-2025,Better Opportunity
34048,12-06-2020,Better Opportunity
28779,01-09-2025,Better Opportunity
18353,30-03-2024,Unknown
41562,11-08-2019,Personal Reasons
35034,07-01-2024,Better Opportunity
4194,19-02-2023,Personal Reasons
25639,27-07-2021,Personal Reasons
30066,22-09-2019,Personal Reasons
38594,20-09-2024,Unknown
11608,26-01-2024,Better Opportunity
13916,03-09-2025,Relocation
49609,02-04-2022,Retirement
2190,19-03-2019,Better Opportunity
3940,02-03-2025,Retirement
33890,24-07-2020,Retirement
8796,26-10-2020,Unknown
20731,03-09-2024,Retirement
31477,28-03-2025,Retirement
44593,11-04-2021,Unknown
37021,26-12-2018,Relocation
5287,10-10-2025,Personal Reasons
19308,18-04-2025,Personal Reasons
43418,12-08-2024,Personal Reasons
27745,17-11-2021,Better Opportunity
35428,18-03-2025,Personal Reasons
49793,14-12-2022,Better Opportunity
48934,20-06-2025,Unknown
41600,10-05-2025,Unknown
30169,20-09-2025,Better Opportunity
37129,16-06-2024,Relocation
2834,11-09-2023,Personal Reasons
26120,13-03-2025,Unknown
27055,19-07-2022,Retirement
24055,25-06-2025,Retirement
20154,06-12-2018,Personal Reasons
45499,16-01-2025,Retirement
12431,26-03-2025,Personal Reasons
24841,22-08-2025,Unknown
3726,05-11-2023,Relocation
5209,20-03-2022,Better Opportunity
14309,13-03-2024,Personal Reasons
72,12-04-2022,Relocation
35012,09-06-2021,Personal Reasons
17879,04-09-2023,Better Opportunity
20897,25-12-2022,Personal Reasons
47231,30-05-2024,Better Opportunity
9489,16-10-2024,Personal Reasons
15438,18-06-2021,Relocation
14824,14-11-2020,Personal Reasons
9014,18-03-2025,Relocation
47467,30-10-2024,Unknown
7733,03-06-2025,Retirement
14708,22-09-2025,Relocation
34326,18-01-2025,Personal Reasons
36023,12-10-2025,Relocation
20143,24-08-2023,Better Opportunity
49926,14-09-2018,Retirement
14939,30-12-2023,Relocation
15575,08-02-2024,Better Opportunity
37668,26-07-2025,Unknown
2042,22-11-2020,Retirement
10100,14-08-2025,Unknown
195,16-01-2022,Relocation
10475,09-03-2025,Relocation
9340,02-09-2024,Unknown
26360,14-11-2023,Personal Reasons
1954,21-05-2023,Better Opportunity
34411,20-01-2025,Personal Reasons
20067,14-12-2023,Unknown
13782,07-03-2024,Personal Reasons
28161,06-11-2021,Relocation
17294,03-10-2024,Unknown
12804,29-05-2024,Personal Reasons
11523,06-02-2025,Unknown
23871,11-06-2021,Relocation
18838,30-10-2017,Personal Reasons
21878,15-06-2025,Personal Reasons
22882,28-03-2018,Personal Reasons
10225,11-09-2025,Retirement
7861,26-02-2018,Personal Reasons
1513,27-01-2023,Retirement
30294,27-04-2025,Retirement
29164,26-03-2024,Personal Reasons
31576,23-06-2025,Relocation
8418,29-04-2025,Better Opportunity
13231,04-01-2024,Unknown
48498,11-06-2022,Better Opportunity
2280,10-02-2019,Better Opportunity
7942,09-05-2024,Unknown
40485,20-06-2023,Retirement
36836,04-03-2020,Unknown
2547,09-01-2025,Better Opportunity
28029,27-08-2025,Unknown
47318,19-08-2019,Better Opportunity
15767,18-02-2016,Better Opportunity
25584,14-08-2025,Relocation
49060,07-02-2023,Unknown
47615,20-04-2025,Better Opportunity
30866,26-11-2022,Personal Reasons
17048,06-04-2024,Better Opportunity
11234,01-08-2025,Relocation
17004,25-06-2024,Relocation
5242,24-12-2017,Unknown
41919,10-08-2024,Personal Reasons
20174,07-10-2025,Better Opportunity
28233,08-03-2025,Better Opportunity
45391,12-12-2023,Personal Reasons
31776,15-02-2022,Unknown
34737,10-08-2024,Better Opportunity
11722,22-05-2023,Unknown
40434,22-08-2018,Retirement
13130,26-07-2023,Relocation
7597,20-01-2024,Better Opportunity
22244,11-12-2016,Unknown
49366,06-10-2025,Personal Reasons
35385,16-03-2023,Retirement
23323,22-02-2021,Retirement
12258,15-12-2022,Personal Reasons
3912,14-01-2024,Personal Reasons
45002,24-03-2025,Relocation
29170,03-12-2024,Retirement
45488,27-10-2024,Relocation
4934,14-08-2023,Personal Reasons
23302,30-03-2018,Unknown
18242,31-01-2025,Better Opportunity
1167,02-06-2025,Unknown
25789,02-10-2025,Relocation
24675,26-09-2025,Better Opportunity
26254,22-07-2025,Relocation
49763,09-12-2024,Personal Reasons
7764,19-07-2025,Unknown
1882,11-05-2023,Relocation
5934,18-12-2021,Personal Reasons
17987,06-12-2024,Personal Reasons
32271,24-07-2024,Personal Reasons
25203,05-04-2023,Unknown
17244,19-09-2025,Relocation
29651,04-03-2024,Relocation
570,01-01-2019,Better Opportunity
16448,11-10-2018,Unknown
39941,01-09-2025,Personal Reasons
7104,31-05-2024,Better Opportunity
6282,18-04-2016,Relocation
25682,01-10-2022,Unknown
14134,02-06-2023,Unknown
44617,28-09-2017,Better Opportunity
25656,30-11-2021,Retirement
12954,14-05-2024,Better Opportunity
26575,09-05-2023,Personal Reasons
11005,01-03-2025,Retirement
14443,18-10-2018,Unknown
23516,18-01-2021,Relocation
18842,04-01-2020,Relocation
15023,07-08-2024,Personal Reasons
13649,27-03-2022,Better Opportunity
11379,27-02-2022,Better Opportunity
29749,05-12-2023,Relocation
31534,09-10-2024,Retirement
31081,27-02-2024,Retirement
25791,26-05-2019,Relocation
5906,14-05-2024,Retirement
3224,18-10-2023,Better Opportunity
34316,03-07-2024,Relocation
8834,31-07-2025,Better Opportunity
29913,21-08-2025,Relocation
46983,10-09-2025,Relocation
23318,13-10-2018,Retirement
1700,29-03-2025,Relocation
24368,10-09-2025,Better Opportunity
46569,01-06-2021,Retirement
38683,27-11-2019,Unknown
18253,04-03-2024,Relocation
36488,29-05-2025,Retirement
23379,19-09-2017,Better Opportunity
15809,15-01-2025,Unknown
34609,29-10-2021,Retirement
5562,18-08-2023,Unknown
9734,14-03-2022,Retirement
36397,30-06-2023,Retirement
15609,05-05-2025,Unknown
23923,04-07-2023,Better Opportunity
49292,20-11-2019,Relocation
37076,29-01-2021,Unknown
47000,22-03-2025,Unknown
28687,18-09-2018,Relocation
43821,29-07-2021,Retirement
2901,27-09-2025,Better Opportunity
10683,22-11-2024,Relocation
31715,26-10-2024,Relocation
49668,16-01-2025,Better Opportunity
34622,09-08-2020,Personal Reasons
38270,17-01-2025,Better Opportunity
23496,21-02-2024,Unknown
24542,15-11-2023,Personal Reasons
32889,01-07-2025,Personal Reasons
6608,12-02-2023,Relocation
16655,04-06-2025,Better Opportunity
46957,10-08-2024,Personal Reasons
12936,07-10-2025,Unknown
3710,14-04-2019,Retirement
2833,03-03-2022,Relocation
33825,31-07-2025,Personal Reasons
1289,13-07-2022,Relocation
30696,01-07-2023,Better Opportunity
24346,28-11-2020,Relocation
41802,08-10-2025,Relocation
49764,07-02-2025,Retirement
32788,26-03-2022,Better Opportunity
1653,11-08-2025,Better Opportunity
22909,09-11-2024,Personal Reasons
19604,31-01-2023,Better Opportunity
38139,25-02-2023,Relocation
22381,02-08-2025,Personal Reasons
22357,07-10-2022,Personal Reasons
12965,30-06-2024,Unknown
49236,17-07-2025,Better Opportunity
36658,18-02-2025,Personal Reasons
31642,24-10-2023,Retirement
1677,10-10-2024,Better Opportunity
38802,17-05-2018,Relocation
28626,20-05-2024,Personal Reasons
9696,23-12-2022,Relocation
18583,06-04-2022,Retirement
28790,01-04-2023,Better Opportunity
42864,16-05-2025,Relocation
20927,09-02-2025,Personal Reasons
38100,13-06-2021,Relocation
14772,12-07-2022,Unknown
42532,13-06-2019,Unknown
41455,17-02-2025,Retirement
44331,06-09-2025,Personal Reasons
5461,02-02-2024,Personal Reasons
22960,24-12-2024,Personal Reasons
6862,24-11-2024,Retirement
31093,14-09-2024,Better Opportunity
535,25-05-2024,Personal Reasons
11782,11-01-2025,Personal Reasons
31398,31-12-2024,Better Opportunity
19739,15-06-2025,Unknown
33859,10-06-2022,Better Opportunity
46725,09-07-2020,Better Opportunity
35228,11-04-2025,Better Opportunity
10928,16-02-2020,Unknown
5643,01-01-2020,Personal Reasons
49597,09-05-2020,Unknown
3328,28-12-2018,Personal Reasons
33532,03-06-2022,Better Opportunity
530,18-02-2023,Personal Reasons
28960,22-10-2022,Relocation
22809,09-07-2023,Retirement
33321,25-08-2024,Unknown
13411,01-07-2019,Personal Reasons
6673,21-07-2020,Personal Reasons
18306,03-03-2025,Relocation
32211,09-02-2023,Retirement
38690,25-05-2025,Unknown
9134,20-04-2023,Unknown
14568,18-04-2019,Personal Reasons
22176,15-06-2025,Relocation
29473,21-09-2023,Better Opportunity
3132,16-01-2024,Personal Reasons
18819,05-08-2024,Unknown
32735,28-07-2025,Relocation
16003,07-09-2024,Better Opportunity
26578,30-07-2025,Relocation
20564,19-01-2025,Unknown
30847,25-07-2025,Personal Reasons
15316,27-09-2025,Unknown
20366,28-12-2023,Personal Reasons
16713,25-08-2025,Retirement
23962,12-02-2025,Better Opportunity
8021,04-10-2025,Unknown
20121,22-05-2024,Better Opportunity
39205,25-07-2024,Better Opportunity
21327,23-07-2025,Better Opportunity
31000,15-01-2023,Retirement
42938,03-09-2025,Better Opportunity
37400,11-07-2025,Personal Reasons
49486,11-08-2024,Retirement
28795,30-03-2019,Unknown
567,30-01-2022,Unknown
34718,29-09-2021,Unknown
40491,15-03-2022,Relocation
12231,02-06-2025,Unknown
5248,06-03-2024,Retirement
29983,24-08-2025,Unknown
27016,22-05-2025,Personal Reasons
40504,19-07-2021,Personal Reasons
8947,27-05-2025,Personal Reasons
41346,08-03-2024,Better Opportunity
11343,09-06-2025,Unknown
8779,31-08-2017,Relocation
29534,05-06-2024,Better Opportunity
23255,21-07-2025,Personal Reasons
29295,01-08-2024,Personal Reasons
16186,14-07-2024,Relocation
22516,24-03-2024,Personal Reasons
48269,27-09-2024,Personal Reasons
30094,23-02-2023,Personal Reasons
16191,01-01-2024,Personal Reasons
14841,27-03-2024,Personal Reasons
26147,26-01-2024,Personal Reasons
7215,24-09-2021,Unknown
13119,07-07-2025,Relocation
41284,28-06-2025,Relocation
26363,15-06-2024,Better Opportunity
2446,04-09-2021,Relocation
46878,18-07-2025,Retirement
43226,27-05-2023,Better Opportunity
36621,15-03-2025,Retirement
49644,29-12-2024,Better Opportunity
30791,01-07-2024,Better Opportunity
16925,01-01-2021,Retirement
20936,24-04-2024,Relocation
44858,24-11-2021,Unknown
33873,17-10-2020,Better Opportunity
28773,20-09-2021,Personal Reasons
2606,26-12-2024,Unknown
25023,18-07-2021,Retirement
27130,29-08-2022,Retirement
37191,29-12-2024,Better Opportunity
49471,13-06-2022,Better Opportunity
308,07-11-2024,Better Opportunity
20824,22-04-2025,Relocation
26572,22-02-2022,Better Opportunity
15231,04-11-2023,Relocation
15106,13-11-2024,Relocation
16771,12-02-2019,Personal Reasons
25739,18-09-2025,Relocation
41921,27-06-2024,Relocation
6671,23-03-2018,Better Opportunity
38778,17-05-2025,Unknown
7300,14-07-2024,Personal Reasons
47043,26-07-2025,Retirement
27453,01-05-2021,Better Opportunity
41504,02-10-2025,Relocation
22220,21-01-2021,Relocation
34723,27-06-2023,Unknown
49463,21-08-2025,Personal Reasons
23537,18-03-2025,Better Opportunity
8348,05-09-2025,Relocation
45733,26-01-2017,Retirement
14891,28-06-2019,Relocation
5362,08-12-2022,Better Opportunity
15802,10-01-2025,Retirement
13217,24-11-2024,Better Opportunity
2539,19-09-2021,Relocation
33568,03-06-2025,Unknown
48301,14-01-2022,Better Opportunity
21448,24-08-2024,Retirement
38676,23-10-2018,Retirement
479,20-08-2022,Unknown
15624,14-09-2024,Better Opportunity
11245,16-02-2023,Personal Reasons
891,16-11-2021,Retirement
758,22-12-2023,Retirement
2570,30-11-2017,Personal Reasons
23681,18-10-2020,Better Opportunity
40482,24-04-2021,Better Opportunity
44971,29-01-2025,Retirement
22289,30-06-2024,Relocation
42026,29-09-2020,Personal Reasons
32278,23-04-2025,Retirement
31258,20-12-2023,Relocation
16497,18-09-2023,Personal Reasons
30150,15-07-2025,Better Opportunity
39215,31-08-2025,Better Opportunity
20296,18-10-2021,Better Opportunity
4120,16-08-2023,Personal Reasons
16849,17-04-2025,Relocation
44205,29-12-2024,Better Opportunity
20362,16-06-2025,Relocation
7660,19-12-2023,Relocation
34738,03-10-2025,Personal Reasons
37412,06-05-2022,Relocation
1343,20-03-2021,Unknown
39229,17-03-2018,Relocation
13184,09-02-2025,Unknown
31116,16-12-2024,Better Opportunity
35952,13-01-2024,Personal Reasons
6961,25-06-2023,Retirement
26142,26-06-2022,Personal Reasons
36384,22-03-2024,Retirement
22487,16-02-2025,Personal Reasons
20755,26-07-2020,Better Opportunity
39155,15-09-2025,Better Opportunity
20594,18-04-2025,Unknown
25984,25-05-2025,Relocation
7926,15-09-2025,Relocation
31327,30-11-2022,Unknown
1139,02-10-2025,Better Opportunity
42684,30-05-2023,Unknown
6240,01-06-2021,Better Opportunity
12529,09-08-2022,Relocation
4980,11-08-2025,Relocation
20566,23-02-2022,Unknown
10494,11-05-2020,Better Opportunity
34302,27-08-2025,Personal Reasons
16011,01-06-2023,Better Opportunity
8141,27-08-2024,Relocation
40961,27-08-2024,Personal Reasons
10517,25-11-2024,Personal Reasons
38911,17-03-2023,Unknown
18536,18-08-2021,Unknown
33584,14-06-2025,Unknown
13660,01-07-2022,Better Opportunity
11987,29-07-2017,Personal Reasons
24726,04-07-2025,Relocation
11539,14-10-2024,Retirement
34517,20-07-2021,Relocation
47871,25-10-2024,Personal Reasons
37137,29-06-2021,Relocation
35913,15-08-2021,Relocation
49785,23-06-2022,Better Opportunity
49523,04-03-2022,Better Opportunity
21503,19-08-2021,Retirement
569,28-07-2025,Unknown
41751,05-04-2023,Personal Reasons
12217,28-08-2025,Unknown
3029,10-06-2017,Unknown
33874,06-08-2024,Unknown
20634,02-10-2025,Retirement
20637,03-12-2018,Relocation
36330,17-04-2024,Unknown
41614,07-05-2020,Personal Reasons
7697,12-04-2025,Better Opportunity
47999,23-01-2024,Personal Reasons
10572,20-01-2021,Better Opportunity
29871,07-07-2023,Retirement
28084,27-06-2024,Personal Reasons
38517,05-08-2024,Personal Reasons
14978,02-08-2025,Better Opportunity
5766,01-03-2025,Personal Reasons
10511,22-09-2025,Relocation
20283,26-08-2024,Retirement
855,28-11-2024,Unknown
45943,02-08-2023,Personal Reasons
4220,13-06-2025,Unknown
40913,08-05-2025,Personal Reasons
13924,07-12-2024,Retirement
45497,20-04-2023,Unknown
1334,24-11-2023,Better Opportunity
14809,08-06-2022,Personal Reasons
18726,09-08-2025,Better Opportunity
42143,28-05-2022,Relocation
49550,07-01-2025,Retirement
21981,28-11-2024,Unknown
20995,20-02-2023,Unknown
29000,12-01-2018,Personal Reasons
4491,03-10-2025,Retirement
26793,28-09-2021,Unknown
37001,06-09-2025,Better Opportunity
47636,24-09-2022,Relocation
18009,25-07-2024,Unknown
13810,17-09-2024,Relocation
27323,12-04-2024,Better Opportunity
7316,12-04-2025,Personal Reasons
10102,25-12-2022,Relocation
33020,30-03-2020,Better Opportunity
33008,23-04-2025,Unknown
8256,16-04-2022,Personal Reasons
46020,27-09-2022,Personal Reasons
42259,12-08-2025,Relocation
39524,16-05-2024,Better Opportunity
23458,06-04-2022,Relocation
2390,24-09-2025,Personal Reasons
8856,03-01-2020,Unknown
46500,27-03-2025,Retirement
32107,21-06-2021,Relocation
14957,02-04-2024,Unknown
15488,06-08-2023,Personal Reasons
3658,21-02-2022,Retirement
16722,14-07-2022,Retirement
48888,10-10-2023,Better Opportunity
28058,27-08-2022,Personal Reasons
22163,30-12-2018,Retirement
47848,13-05-2020,Better Opportunity
41472,12-01-2025,Better Opportunity
20420,31-05-2022,Unknown
22869,16-02-2021,Retirement
12335,06-02-2021,Better Opportunity
35517,31-07-2025,Personal Reasons
27137,17-12-2024,Better Opportunity
33090,26-08-2024,Better Opportunity
33945,23-07-2025,Unknown
12834,20-03-2019,Unknown
20622,01-05-2024,Unknown
49000,05-06-2025,Unknown
49458,08-05-2018,Retirement
12429,09-11-2024,Personal Reasons
27556,22-08-2025,Retirement
46542,11-09-2022,Retirement
44888,20-07-2023,Better Opportunity
14813,31-08-2021,Unknown
42547,12-07-2021,Unknown
23384,18-05-2024,Personal Reasons
49915,16-07-2018,Retirement
662,01-06-2022,Better Opportunity
47368,25-09-2020,Unknown
17838,07-10-2018,Better Opportunity
36293,19-11-2022,Retirement
43567,23-09-2025,Unknown
28752,11-07-2025,Unknown
20451,06-05-2021,Unknown
33959,07-01-2017,Personal Reasons
35186,29-03-2020,Personal Reasons
33887,07-06-2025,Relocation
514,06-12-2020,Unknown
18577,11-01-2024,Better Opportunity
29638,13-04-2023,Personal Reasons
28986,16-01-2024,Personal Reasons
1562,03-08-2025,Better Opportunity
15340,06-12-2023,Personal Reasons
48799,30-01-2023,Unknown
23914,25-05-2025,Relocation
1101,10-08-2020,Relocation
3463,22-12-2021,Better Opportunity
39316,13-09-2025,Unknown
27011,21-06-2021,Personal Reasons
29791,11-06-2025,Unknown
23483,30-11-2022,Retirement
13513,11-10-2023,Better Opportunity
23974,08-07-2025,Retirement
48689,17-12-2024,Retirement
25250,21-01-2021,Retirement
16740,31-07-2022,Retirement
1379,29-05-2025,Retirement
45654,12-08-2022,Unknown
18087,20-06-2022,Retirement
42579,03-03-2019,Personal Reasons
10902,16-06-2025,Unknown
20224,18-03-2025,Unknown
33445,10-04-2021,Better Opportunity
48036,02-04-2021,Relocation
9573,27-02-2021,Relocation
1005,12-06-2021,Personal Reasons
43458,16-09-2018,Relocation
4761,18-12-2020,Personal Reasons
3762,07-08-2024,Better Opportunity
17135,17-11-2018,Better Opportunity
32503,06-09-2024,Retirement
6054,25-07-2019,Relocation
10665,24-03-2024,Better Opportunity
13744,11-04-2022,Retirement
20868,03-08-2025,Retirement
14261,18-11-2023,Personal Reasons
39154,28-09-2023,Personal Reasons
4672,20-05-2025,Retirement
3951,04-07-2025,Retirement
25360,14-09-2024,Better Opportunity
49203,02-12-2021,Retirement
19613,15-08-2018,Retirement
6214,30-04-2024,Relocation
37834,28-05-2024,Personal Reasons
11397,16-04-2022,Relocation
46347,07-02-2017,Better Opportunity
30073,15-09-2022,Personal Reasons
4730,06-10-2020,Relocation
41651,10-02-2023,Personal Reasons
28258,06-10-2025,Unknown
30189,05-03-2025,Personal Reasons
48093,24-09-2025,Better Opportunity
12314,25-07-2022,Retirement
40308,30-06-2025,Unknown
10240,10-03-2024,Retirement
1521,14-07-2022,Retirement
13971,15-01-2025,Better Opportunity
21216,01-06-2021,Better Opportunity
7512,07-12-2021,Relocation
33165,29-08-2020,Relocation
27367,16-11-2020,Retirement
819,25-04-2017,Retirement
43645,03-05-2017,Better Opportunity
39174,17-08-2019,Better Opportunity
14060,17-01-2024,Relocation
36013,15-03-2022,Personal Reasons
23314,14-08-2025,Relocation
42211,05-02-2025,Relocation
38498,29-10-2021,Relocation
15959,30-04-2023,Retirement
42325,28-08-2025,Relocation
6956,09-06-2020,Relocation
42294,08-07-2023,Relocation
11302,08-12-2019,Unknown
21566,25-03-2025,Better Opportunity
14620,10-08-2024,Personal Reasons
2004,03-06-2023,Unknown
12693,15-06-2023,Retirement
49823,02-06-2025,Better Opportunity
5965,02-10-2025,Unknown
34259,04-09-2020,Unknown
2015,03-03-2025,Better Opportunity
34626,02-04-2025,Relocation
18510,13-11-2023,Retirement
46071,17-09-2025,Unknown
17422,26-07-2024,Personal Reasons
26933,19-07-2019,Personal Reasons
13287,16-04-2024,Better Opportunity
23954,13-10-2021,Better Opportunity
16674,04-01-2024,Unknown
915,10-09-2021,Unknown
6545,14-04-2019,Relocation
11574,14-02-2024,Retirement
39560,01-02-2025,Better Opportunity
29872,03-08-2023,Personal Reasons
12389,30-03-2024,Personal Reasons
48706,23-03-2025,Unknown
22787,08-11-2018,Personal Reasons
23768,27-11-2023,Retirement
47512,29-07-2023,Relocation
40138,30-06-2025,Retirement
34560,19-04-2025,Personal Reasons
28265,29-08-2020,Relocation
8204,29-11-2024,Unknown
21143,08-05-2023,Unknown
38371,15-09-2025,Unknown
29941,31-10-2024,Unknown
21294,18-08-2023,Retirement
29101,31-08-2022,Unknown
48505,21-03-2023,Relocation
11134,12-05-2022,Relocation
44469,15-08-2025,Relocation
112,11-05-2025,Better Opportunity
16910,28-08-2023,Personal Reasons
1412,19-11-2020,Relocation
39370,14-03-2020,Better Opportunity
28358,22-07-2025,Personal Reasons
30951,04-10-2025,Better Opportunity
21800,07-01-2023,Better Opportunity
13142,04-12-2023,Retirement
35488,07-08-2020,Better Opportunity
35998,10-05-2021,Unknown
26005,05-04-2025,Unknown
3862,18-04-2019,Retirement
13034,17-12-2024,Unknown
34542,30-07-2024,Retirement
27436,10-03-2019,Retirement
27789,18-09-2021,Relocation
16177,01-07-2023,Personal Reasons
41293,15-09-2022,Relocation
48946,06-02-2022,Unknown
35911,01-04-2022,Better Opportunity
43035,02-09-2024,Unknown
47737,10-07-2024,Retirement
12658,15-10-2023,Unknown
33673,19-12-2018,Better Opportunity
15411,02-04-2023,Relocation
35129,18-11-2023,Relocation
2501,18-10-2022,Retirement
3511,26-07-2022,Personal Reasons
45021,22-08-2024,Retirement
1900,15-08-2025,Unknown
1497,24-11-2024,Unknown
15974,21-11-2019,Retirement
862,26-08-2023,Personal Reasons
46306,14-10-2017,Unknown
42006,22-02-2024,Retirement
25686,17-06-2017,Unknown
32445,02-02-2020,Unknown
43960,19-06-2025,Retirement
44058,26-03-2025,Better Opportunity
24228,22-11-2022,Personal Reasons
17677,30-09-2023,Relocation
44953,12-09-2024,Better Opportunity
13002,13-09-2021,Relocation
1039,30-08-2020,Relocation
43545,07-05-2025,Relocation
45629,17-02-2023,Unknown
2442,19-05-2023,Personal Reasons
46210,30-05-2023,Retirement
5365,28-07-2024,Retirement
38391,08-05-2024,Relocation
6535,01-02-2019,Relocation
10844,25-02-2025,Personal Reasons
42674,25-04-2024,Relocation
30447,07-11-2024,Personal Reasons
37789,04-11-2019,Better Opportunity
34744,13-06-2024,Retirement
42734,03-10-2025,Better Opportunity
36077,08-10-2021,Unknown
18345,25-02-2024,Unknown
13974,13-03-2017,Better Opportunity
46565,27-10-2022,Unknown
13337,22-07-2024,Relocation
41489,30-10-2023,Personal Reasons
30040,21-05-2023,Better Opportunity
28113,16-07-2022,Retirement
45498,04-08-2022,Unknown
34857,20-01-2024,Retirement
31143,07-02-2023,Unknown
39575,12-06-2021,Retirement
45307,11-06-2025,Better Opportunity
39201,12-08-2025,Unknown
3961,08-08-2022,Better Opportunity
4025,09-05-2025,Relocation
2139,16-12-2022,Retirement
33000,13-07-2022,Personal Reasons
15459,09-01-2021,Unknown
23294,06-06-2019,Better Opportunity
21965,05-02-2025,Unknown
44806,25-04-2024,Unknown
10785,09-04-2022,Personal Reasons
40964,13-09-2020,Relocation
13597,01-04-2023,Relocation
14848,06-02-2021,Personal Reasons
24345,24-09-2024,Unknown
3475,25-11-2018,Better Opportunity
46135,17-11-2022,Personal Reasons
43151,19-06-2024,Retirement
37104,22-03-2017,Personal Reasons
23972,15-09-2025,Better Opportunity
18784,09-02-2021,Retirement
8058,30-04-2025,Retirement
18015,16-04-2018,Personal Reasons
18828,20-11-2024,Relocation
35607,08-04-2020,Unknown
44700,21-02-2022,Relocation
1124,27-05-2025,Retirement
20035,29-01-2021,Better Opportunity
9004,24-12-2024,Unknown
14650,11-11-2024,Relocation
28157,27-04-2025,Relocation
45764,19-12-2019,Better Opportunity
28447,07-05-2024,Retirement
49555,19-10-2023,Personal Reasons
42978,18-07-2023,Unknown
22326,13-04-2023,Personal Reasons
18898,10-09-2023,Retirement
3363,30-03-2020,Personal Reasons
35073,31-07-2023,Retirement
18987,17-07-2020,Personal Reasons
39574,05-02-2025,Retirement
44520,28-01-2018,Retirement
22491,27-08-2017,Better Opportunity
28413,09-08-2022,Better Opportunity
14707,02-06-2021,Unknown
28955,15-11-2024,Personal Reasons
22783,16-09-2021,Better Opportunity
33509,22-08-2025,Relocation
11837,07-09-2021,Unknown
49215,24-01-2019,Unknown
27887,26-04-2021,Retirement
48739,27-02-2021,Personal Reasons
5734,26-10-2023,Retirement
17206,16-10-2023,Better Opportunity
41452,21-09-2025,Retirement
18218,03-01-2022,Retirement
30445,29-04-2021,Better Opportunity
45851,06-06-2025,Better Opportunity
40005,28-12-2021,Relocation
22301,01-02-2018,Relocation
4294,22-07-2024,Personal Reasons
22607,12-10-2025,Personal Reasons
19901,28-08-2025,Relocation
5150,06-02-2021,Unknown
30992,14-04-2022,Relocation
40392,23-08-2023,Unknown
26722,08-10-2025,Retirement
29394,30-03-2025,Better Opportunity
5234,17-09-2023,Unknown
5971,05-11-2024,Personal Reasons
44446,31-10-2022,Personal Reasons
47441,19-09-2025,Retirement
46711,03-08-2018,Retirement
13604,23-05-2025,Personal Reasons
11025,21-05-2024,Better Opportunity
10238,26-10-2019,Retirement
40534,09-09-2023,Better Opportunity
43222,22-06-2025,Personal Reasons
4781,18-12-2024,Relocation
31278,23-12-2022,Retirement
16365,10-03-2024,Retirement
44798,05-08-2023,Better Opportunity
31707,06-01-2019,Unknown
20270,20-05-2021,Relocation
27239,06-06-2021,Retirement
11106,08-06-2025,Retirement
16637,28-01-2025,Better Opportunity
44546,28-05-2023,Unknown
21947,14-01-2016,Retirement
41711,29-04-2018,Retirement
20042,17-12-2020,Relocation
43197,02-12-2021,Unknown
16327,10-11-2021,Better Opportunity
22029,07-03-2020,Retirement
41815,17-01-2018,Retirement
37914,29-07-2025,Retirement
31744,04-11-2023,Retirement
48222,27-08-2025,Personal Reasons
5231,27-10-2018,Unknown
7444,18-06-2021,Retirement
10468,27-11-2018,Personal Reasons
9814,23-12-2024,Unknown
40531,29-02-2024,Better Opportunity
13435,29-08-2024,Retirement
18210,20-06-2021,Personal Reasons
48932,15-08-2025,Unknown
26344,17-08-2024,Unknown
23064,14-09-2025,Relocation
3455,04-03-2022,Unknown
10493,29-06-2023,Unknown
6045,16-01-2018,Relocation
28924,23-02-2018,Better Opportunity
21275,16-09-2025,Retirement
41198,12-10-2025,Better Opportunity
19471,03-02-2023,Personal Reasons
19806,08-04-2025,Personal Reasons
25166,16-05-2020,Personal Reasons
1874,22-07-2024,Better Opportunity
31991,19-05-2025,Retirement
27040,13-09-2021,Unknown
37417,15-08-2022,Unknown
29707,26-12-2024,Better Opportunity
12079,16-11-2023,Personal Reasons
48070,29-11-2023,Retirement
14649,16-02-2025,Relocation
43443,31-03-2024,Retirement
13145,13-03-2023,Unknown
6625,24-12-2024,Personal Reasons
46849,02-03-2024,Relocation
449,14-07-2024,Unknown
44199,07-10-2024,Unknown
19468,07-10-2023,Retirement
206,29-08-2021,Personal Reasons
6523,07-04-2022,Unknown
30944,21-03-2017,Relocation
19425,05-03-2025,Retirement
674,11-04-2020,Relocation
41058,23-12-2024,Retirement
36871,09-08-2020,Unknown
31379,28-09-2025,Unknown
16223,20-12-2019,Better Opportunity
22885,03-02-2025,Unknown
3616,06-04-2024,Unknown
22201,13-02-2024,Personal Reasons
29182,27-08-2017,Retirement
4045,28-08-2024,Relocation
3698,21-01-2017,Relocation
30612,25-06-2025,Better Opportunity
41135,17-09-2025,Better Opportunity
6433,14-11-2024,Better Opportunity
13738,08-04-2020,Retirement
8341,09-03-2024,Unknown
18016,20-09-2018,Relocation
6828,18-11-2023,Relocation
47621,29-08-2025,Better Opportunity
42067,12-12-2021,Personal Reasons
43923,06-05-2024,Personal Reasons
28646,09-12-2024,Better Opportunity
90,03-11-2017,Relocation
24839,12-02-2020,Retirement
47995,08-08-2024,Better Opportunity
42363,08-10-2022,Retirement
20100,05-10-2024,Better Opportunity
13219,09-04-2023,Relocation
8091,21-02-2023,Relocation
45312,27-05-2022,Better Opportunity
30507,23-09-2020,Retirement
36302,19-11-2024,Better Opportunity
11817,22-09-2024,Personal Reasons
40593,04-08-2018,Relocation
48544,05-12-2021,Relocation
21871,09-03-2023,Better Opportunity
36634,02-01-2025,Better Opportunity
28798,09-06-2025,Unknown
17439,12-10-2025,Better Opportunity
10253,16-06-2024,Relocation
19514,12-02-2022,Relocation
19823,10-02-2025,Relocation
12915,25-08-2024,Better Opportunity
2646,05-08-2025,Personal Reasons
16774,23-08-2024,Relocation
7772,23-03-2020,Better Opportunity
45830,25-08-2025,Personal Reasons
47360,04-10-2017,Better Opportunity
8179,04-12-2022,Unknown
20485,05-08-2023,Better Opportunity
41647,03-02-2023,Retirement
19005,07-06-2025,Retirement
10779,05-08-2025,Retirement
10879,07-09-2022,Retirement
24993,31-07-2019,Retirement
29145,24-09-2024,Better Opportunity
37724,19-07-2024,Personal Reasons
12265,08-06-2023,Better Opportunity
10133,08-01-2018,Unknown
27471,22-04-2016,Personal Reasons
37314,10-07-2024,Unknown
7174,29-10-2021,Better Opportunity
9268,21-09-2024,Personal Reasons
34210,02-02-2025,Unknown
367,05-10-2023,Retirement
8777,11-11-2017,Relocation
36385,11-02-2025,Relocation
27260,02-11-2024,Better Opportunity
16073,02-04-2025,Better Opportunity
36758,31-07-2023,Relocation
8741,12-01-2022,Personal Reasons
9398,22-07-2023,Relocation
49055,06-09-2023,Unknown
46194,12-05-2025,Better Opportunity
11453,18-01-2025,Retirement
9809,11-10-2025,Relocation
29910,27-10-2023,Retirement
7229,04-10-2024,Unknown
6983,26-04-2024,Personal Reasons
38017,21-11-2022,Personal Reasons
2754,12-03-2021,Relocation
30652,15-03-2023,Better Opportunity
1456,10-05-2021,Relocation
48591,22-06-2022,Personal Reasons
14351,26-10-2022,Personal Reasons
47321,18-12-2020,Better Opportunity
10991,14-12-2018,Personal Reasons
17891,18-02-2016,Relocation
30348,20-10-2021,Better Opportunity
3347,21-11-2019,Relocation
33178,16-04-2021,Personal Reasons
46708,24-10-2020,Better Opportunity
8948,03-06-2023,Better Opportunity
19146,15-09-2025,Retirement
2857,04-11-2020,Better Opportunity
28276,17-07-2024,Relocation
44217,27-07-2025,Unknown
9654,09-02-2025,Relocation
44635,29-06-2024,Unknown
33138,03-09-2025,Relocation
44145,05-01-2024,Better Opportunity
1037,20-10-2023,Unknown
8940,30-04-2023,Relocation
47462,05-08-2025,Relocation
36981,29-09-2022,Personal Reasons
46017,03-01-2024,Relocation
29681,09-05-2024,Personal Reasons
13794,12-10-2025,Unknown
37999,11-06-2025,Relocation
15093,05-09-2023,Personal Reasons
23532,11-01-2025,Retirement
1204,25-02-2025,Better Opportunity
30051,19-01-2020,Better Opportunity
39665,19-08-2022,Better Opportunity
10327,24-09-2024,Relocation
3876,08-07-2025,Retirement
15508,10-10-2025,Unknown
45923,13-04-2020,Relocation
49400,22-07-2021,Retirement
49510,08-10-2019,Personal Reasons
18351,23-11-2020,Retirement
35934,17-04-2025,Better Opportunity
8734,13-10-2024,Retirement
11076,17-08-2023,Better Opportunity
30574,17-06-2022,Unknown
22506,08-09-2023,Retirement
33835,02-03-2020,Relocation
1235,08-05-2025,Retirement
47262,02-04-2022,Retirement
18994,04-10-2024,Unknown
11955,28-06-2025,Relocation
31393,03-08-2021,Retirement
42477,02-08-2025,Personal Reasons
16555,25-01-2023,Retirement
30335,17-11-2024,Personal Reasons
10680,14-05-2024,Unknown
12701,01-12-2024,Retirement
34529,23-02-2025,Better Opportunity
5345,03-04-2025,Retirement
10187,20-02-2025,Retirement
27350,04-07-2025,Relocation
20640,23-04-2022,Unknown
3865,23-08-2025,Relocation
27179,30-07-2022,Better Opportunity
29397,17-12-2021,Unknown
1775,15-09-2023,Relocation
18347,21-03-2024,Better Opportunity
44086,12-02-2019,Personal Reasons
4913,20-06-2025,Personal Reasons
10087,06-08-2021,Relocation
11744,11-03-2022,Better Opportunity
27427,24-01-2021,Unknown
23641,23-09-2018,Personal Reasons
39053,30-01-2019,Better Opportunity
12098,09-08-2021,Better Opportunity
7646,12-01-2020,Unknown
47903,18-08-2024,Personal Reasons
14588,24-06-2020,Retirement
40500,01-04-2025,Retirement
17366,29-08-2023,Retirement
37738,30-01-2024,Relocation
12405,08-10-2022,Personal Reasons
31218,26-04-2025,Personal Reasons
32076,01-09-2023,Unknown
27687,08-02-2023,Better Opportunity
6090,31-12-2023,Retirement
5393,16-02-2024,Personal Reasons
12425,02-04-2023,Relocation
35484,06-03-2021,Retirement
35696,06-07-2024,Relocation
39591,25-12-2020,Unknown
29572,24-01-2025,Retirement
42404,27-10-2024,Retirement
17830,13-03-2024,Unknown
17093,19-08-2024,Unknown
33426,31-03-2025,Unknown
15458,24-08-2024,Personal Reasons
28195,06-05-2025,Retirement
27421,23-12-2022,Better Opportunity
10443,24-02-2024,Unknown
41437,13-11-2022,Retirement
45624,26-03-2025,Relocation
47209,30-05-2025,Unknown
27997,11-06-2018,Retirement
14220,15-10-2020,Better Opportunity
27540,06-04-2018,Retirement
19918,26-06-2023,Better Opportunity
13186,20-01-2019,Personal Reasons
5124,28-12-2021,Relocation
13403,10-11-2022,Personal Reasons
18316,25-11-2024,Better Opportunity
21112,12-07-2024,Retirement
10303,05-04-2020,Unknown
42646,27-11-2023,Better Opportunity
12705,06-05-2018,Better Opportunity
10577,03-01-2025,Retirement
19612,17-05-2022,Better Opportunity
35761,18-08-2025,Relocation
7511,27-09-2020,Better Opportunity
32931,17-06-2025,Better Opportunity
47024,08-04-2025,Personal Reasons
17607,16-05-2022,Unknown
45475,23-09-2019,Retirement
45607,25-08-2023,Unknown
49110,16-02-2021,Unknown
7330,14-05-2023,Unknown
42433,20-11-2021,Unknown
19968,20-02-2021,Retirement
47271,19-04-2020,Retirement
35317,24-03-2025,Better Opportunity
27520,05-10-2025,Personal Reasons
28267,20-11-2024,Retirement
26632,01-10-2025,Personal Reasons
14856,13-11-2018,Better Opportunity
16366,15-07-2022,Personal Reasons
7413,21-07-2025,Retirement
35063,17-02-2021,Better Opportunity
18746,19-12-2024,Unknown
27531,15-10-2021,Relocation
37748,21-02-2022,Relocation
45486,14-07-2024,Unknown
17833,04-06-2022,Relocation
45972,28-12-2021,Relocation
30613,21-10-2020,Personal Reasons
47641,31-12-2023,Better Opportunity
28705,29-03-2024,Retirement
26184,10-01-2023,Personal Reasons
40678,19-05-2025,Better Opportunity
35698,18-03-2025,Personal Reasons
22753,13-05-2024,Personal Reasons
33622,06-10-2021,Relocation
21700,16-05-2024,Relocation
13891,05-07-2019,Retirement
34044,18-01-2025,Relocation
31261,10-12-2024,Better Opportunity
5482,15-07-2019,Better Opportunity
46133,16-04-2020,Relocation
37363,09-03-2023,Relocation
14021,03-02-2025,Retirement
47975,11-05-2023,Relocation
4638,08-04-2024,Relocation
34197,23-03-2021,Unknown
26665,10-01-2023,Better Opportunity
30027,04-04-2024,Relocation
39579,19-06-2025,Relocation
37032,09-02-2022,Retirement
37120,30-10-2022,Unknown
19281,06-10-2025,Relocation
2437,14-04-2023,Unknown
16058,10-02-2025,Better Opportunity
11993,03-10-2018,Unknown
45147,18-02-2025,Relocation
8455,20-07-2025,Better Opportunity
40350,26-12-2024,Personal Reasons
26772,23-12-2023,Better Opportunity
15956,29-05-2025,Personal Reasons
1971,20-09-2024,Better Opportunity
45620,17-09-2022,Relocation
1670,29-09-2017,Better Opportunity
31771,13-07-2025,Retirement
49792,12-07-2022,Unknown
44431,15-04-2025,Personal Reasons
18649,10-12-2020,Better Opportunity
26130,01-06-2025,Retirement
13510,06-08-2025,Retirement
13266,22-04-2018,Better Opportunity
5102,18-05-2025,Better Opportunity
42575,29-05-2020,Better Opportunity
26311,09-02-2021,Unknown
18853,18-02-2021,Personal Reasons
684,29-08-2025,Relocation
41184,17-04-2024,Better Opportunity
12953,03-04-2025,Retirement
8057,29-04-2025,Retirement
6618,20-10-2023,Retirement
30799,25-01-2024,Better Opportunity
5952,30-09-2023,Better Opportunity
7708,02-05-2024,Personal Reasons
14871,14-06-2025,Better Opportunity
24222,27-01-2025,Relocation
39023,13-03-2020,Better Opportunity
33583,24-04-2024,Relocation
6637,17-06-2021,Unknown
11814,14-11-2023,Unknown
34239,03-04-2025,Better Opportunity
3516,16-06-2022,Relocation
1547,19-09-2024,Better Opportunity
35108,07-07-2025,Relocation
19095,17-01-2024,Better Opportunity
34226,17-01-2022,Personal Reasons
21669,19-09-2023,Personal Reasons
22988,13-04-2019,Better Opportunity
21306,02-07-2018,Personal Reasons
26,07-10-2025,Relocation
7999,09-08-2021,Relocation
27549,05-04-2020,Personal Reasons
18944,09-04-2017,Personal Reasons
15228,22-08-2021,Better Opportunity
48365,04-08-2020,Better Opportunity
13776,21-04-2024,Personal Reasons
26441,13-07-2019,Retirement
3274,21-11-2024,Unknown
29351,29-12-2019,Relocation
26887,19-07-2025,Personal Reasons
14962,16-09-2025,Better Opportunity
23481,25-02-2024,Personal Reasons
31128,05-02-2021,Personal Reasons
14011,12-10-2020,Unknown
16850,18-03-2025,Unknown
45598,01-12-2017,Personal Reasons
15626,12-08-2022,Relocation
49610,06-03-2025,Unknown
44817,09-04-2024,Unknown
10711,01-08-2019,Better Opportunity
30592,06-02-2023,Better Opportunity
35879,31-05-2021,Personal Reasons
2071,20-11-2024,Better Opportunity
5435,17-10-2024,Personal Reasons
13099,22-12-2017,Retirement
12187,24-05-2025,Retirement
1859,05-03-2025,Retirement
45195,14-04-2024,Personal Reasons
39019,20-08-2023,Better Opportunity
39268,22-03-2021,Personal Reasons
38329,10-11-2023,Better Opportunity
20502,06-08-2019,Retirement
20167,01-04-2021,Relocation
33601,24-02-2021,Retirement
7635,04-03-2025,Retirement
28038,18-12-2023,Relocation
8757,11-03-2025,Better Opportunity
26437,05-12-2020,Retirement
24318,05-10-2025,Retirement
2407,16-09-2021,Retirement
9318,09-10-2025,Personal Reasons
40694,22-02-2025,Unknown
34457,14-02-2023,Unknown
29561,13-09-2022,Unknown
39895,21-04-2024,Personal Reasons
2457,04-09-2018,Unknown
46558,10-09-2025,Better Opportunity
22204,26-01-2021,Better Opportunity
34587,04-03-2025,Personal Reasons
34069,01-08-2025,Unknown
3100,03-12-2024,Personal Reasons
10653,26-11-2019,Personal Reasons
1132,06-01-2022,Relocation
39872,23-04-2021,Relocation
5065,27-09-2025,Relocation
12442,06-07-2024,Unknown
10406,19-07-2025,Retirement
24151,03-12-2024,Retirement
9240,28-11-2021,Relocation
12499,18-04-2023,Relocation
42463,25-01-2022,Unknown
2895,25-02-2023,Personal Reasons
10581,06-09-2025,Personal Reasons
43946,26-02-2023,Better Opportunity
33435,30-04-2022,Relocation
41315,24-08-2025,Unknown
38225,04-05-2025,Personal Reasons
14153,13-07-2023,Better Opportunity
38733,25-06-2024,Better Opportunity
32160,05-12-2022,Personal Reasons
49974,14-11-2019,Personal Reasons
5886,08-02-2024,Unknown
29178,28-12-2018,Unknown
24683,03-05-2025,Relocation
14963,09-06-2021,Retirement
7457,08-11-2024,Relocation
26953,16-09-2024,Better Opportunity
44018,08-01-2022,Better Opportunity
40784,31-12-2020,Personal Reasons
2331,07-06-2025,Personal Reasons
40200,28-03-2023,Unknown
33136,24-06-2025,Unknown
20027,08-10-2025,Unknown
26258,08-09-2023,Relocation
30579,16-03-2021,Better Opportunity
30709,04-06-2024,Personal Reasons
48629,14-07-2025,Better Opportunity
36555,13-06-2025,Relocation
38199,02-08-2023,Better Opportunity
46647,29-05-2018,Personal Reasons
36244,08-02-2022,Personal Reasons
7258,30-09-2023,Retirement
32556,03-07-2025,Unknown
14088,10-12-2021,Relocation
38832,05-10-2025,Unknown
42945,03-09-2025,Unknown
3669,20-12-2023,Personal Reasons
2064,29-11-2020,Unknown
34664,13-08-2022,Relocation
23018,26-03-2022,Personal Reasons
19434,04-07-2024,Retirement
17305,26-08-2023,Better Opportunity
30825,15-02-2024,Unknown
34380,06-08-2025,Retirement
39595,03-05-2024,Retirement
41793,10-07-2024,Relocation
31277,21-11-2024,Relocation
9436,25-01-2024,Retirement
37465,07-04-2024,Better Opportunity
4546,25-07-2020,Relocation
35794,25-04-2023,Retirement
1743,21-08-2025,Relocation
21180,12-10-2024,Unknown
18524,08-07-2023,Retirement
39688,02-03-2024,Unknown
49517,16-03-2024,Unknown
27353,10-11-2017,Retirement
13552,27-03-2021,Unknown
16585,25-06-2023,Relocation
38898,15-09-2022,Better Opportunity
5420,17-05-2024,Better Opportunity
43431,20-04-2021,Personal Reasons
13453,23-08-2025,Retirement
6817,10-09-2022,Retirement
11648,09-01-2018,Relocation
21630,30-09-2024,Retirement
18930,10-08-2020,Better Opportunity
9839,13-04-2025,Unknown
42249,20-04-2024,Relocation
9394,18-02-2021,Unknown
15709,11-07-2022,Relocation
25985,29-10-2024,Relocation
26625,30-03-2020,Better Opportunity
37674,03-01-2024,Retirement
11079,30-06-2019,Relocation
10003,11-07-2022,Better Opportunity
32148,04-03-2025,Personal Reasons
41833,12-07-2023,Better Opportunity
48012,28-06-2025,Personal Reasons
17500,19-05-2019,Retirement
23664,21-04-2025,Unknown
39009,23-03-2022,Relocation
48940,19-12-2023,Retirement
16169,02-07-2023,Retirement
615,21-10-2024,Relocation
27265,28-05-2021,Retirement
14198,09-12-2024,Relocation
48921,11-02-2024,Better Opportunity
36076,03-10-2023,Personal Reasons
31021,23-07-2025,Personal Reasons
11885,13-06-2025,Personal Reasons
25818,10-02-2025,Retirement
31199,27-10-2019,Unknown
32848,06-11-2017,Retirement
30162,24-12-2024,Unknown
50000,22-09-2024,Unknown
45595,06-02-2022,Relocation
890,22-05-2020,Personal Reasons
46801,27-05-2021,Relocation
42377,02-04-2023,Personal Reasons
46225,08-12-2023,Personal Reasons
48134,15-08-2023,Better Opportunity
36761,12-09-2025,Unknown
7169,29-04-2023,Unknown
39948,16-02-2024,Unknown
44263,18-03-2024,Better Opportunity
42869,29-11-2018,Retirement
12737,14-02-2024,Better Opportunity
3192,11-03-2024,Relocation
14453,17-11-2021,Retirement
17264,28-10-2019,Unknown
48792,17-08-2018,Relocation
6329,23-12-2023,Relocation
27258,09-08-2025,Retirement
12158,15-11-2024,Personal Reasons
1605,03-06-2022,Personal Reasons
48321,12-03-2024,Personal Reasons
37385,11-09-2020,Unknown
12242,17-10-2016,Retirement
11133,13-03-2022,Relocation
5488,12-01-2025,Retirement
12760,26-07-2024,Relocation
24443,11-04-2020,Personal Reasons
9379,10-03-2025,Personal Reasons
16881,27-02-2021,Better Opportunity
19022,18-08-2025,Relocation
28090,15-08-2024,Better Opportunity
27545,01-08-2023,Relocation
45257,11-04-2023,Personal Reasons
43928,02-12-2024,Retirement
8374,13-11-2024,Retirement
38782,29-08-2024,Unknown
47539,20-04-2024,Retirement
46334,04-04-2024,Unknown
20997,10-05-2017,Better Opportunity
12681,20-04-2025,Relocation
34309,17-09-2022,Personal Reasons
41344,15-06-2025,Retirement
33907,20-09-2024,Better Opportunity
46156,27-04-2025,Better Opportunity
5698,24-08-2025,Better Opportunity
5319,11-02-2022,Better Opportunity
40219,28-08-2025,Unknown
37282,12-06-2025,Retirement
36126,26-09-2017,Better Opportunity
38563,09-03-2021,Personal Reasons
4276,26-09-2025,Relocation
13647,08-02-2024,Better Opportunity
26483,27-12-2016,Personal Reasons
12111,01-03-2025,Relocation
3665,03-04-2024,Relocation
25559,17-11-2022,Relocation
34562,09-06-2023,Personal Reasons
34762,27-04-2017,Unknown
2898,04-09-2023,Unknown
14915,16-07-2025,Personal Reasons
6351,06-04-2022,Better Opportunity
33832,16-12-2020,Retirement
36988,19-12-2022,Unknown
42947,17-05-2023,Retirement
4041,03-07-2024,Personal Reasons
20975,11-12-2021,Unknown
45376,21-07-2024,Better Opportunity
37097,27-05-2025,Unknown
34090,23-12-2023,Personal Reasons
5203,18-09-2018,Relocation
49872,05-10-2025,Relocation
17554,30-07-2023,Personal Reasons
15295,20-09-2017,Personal Reasons
34532,31-08-2021,Personal Reasons
31981,09-03-2016,Unknown
39606,26-10-2024,Retirement
2577,10-12-2020,Unknown
12102,13-03-2022,Unknown
43366,24-03-2025,Unknown
49161,28-12-2024,Personal Reasons
30173,12-08-2023,Personal Reasons
11432,29-07-2020,Better Opportunity
7937,05-02-2024,Better Opportunity
28733,13-12-2023,Personal Reasons
36979,12-03-2024,Unknown
47202,04-12-2024,Relocation
31351,10-12-2016,Personal Reasons
8270,16-05-2024,Unknown
6125,07-05-2020,Unknown
18144,26-11-2019,Retirement
18666,18-04-2024,Unknown
37320,05-03-2016,Unknown
557,30-09-2020,Better Opportunity
22218,10-02-2022,Unknown
14741,01-12-2022,Retirement
31705,31-10-2024,Better Opportunity
44801,13-10-2018,Personal Reasons
28872,05-09-2025,Retirement
48275,16-02-2021,Retirement
2352,27-12-2021,Better Opportunity
1745,08-10-2025,Retirement
5078,10-12-2019,Relocation
40521,03-09-2023,Retirement
26327,10-11-2017,Unknown
20455,29-06-2025,Personal Reasons
43564,04-05-2023,Personal Reasons
30821,18-10-2023,Retirement
2325,03-04-2020,Unknown
22098,19-03-2018,Relocation
12348,15-08-2020,Retirement
39180,23-06-2025,Retirement
25872,02-03-2023,Unknown
586,21-09-2025,Relocation
28327,21-10-2021,Better Opportunity
38201,16-12-2021,Relocation
16814,08-05-2022,Retirement
43696,21-05-2022,Better Opportunity
39645,12-03-2025,Retirement
9674,22-03-2025,Relocation
10876,15-10-2024,Relocation
26726,30-11-2020,Relocation
37757,22-11-2021,Retirement
1154,31-01-2025,Unknown
36777,18-01-2024,Personal Reasons
37832,20-05-2023,Better Opportunity
4236,07-04-2023,Retirement
23178,17-02-2023,Relocation
13566,12-10-2019,Personal Reasons
13803,01-09-2025,Better Opportunity
26017,30-01-2024,Retirement
29011,28-06-2025,Relocation
31830,10-06-2025,Retirement
6531,21-03-2025,Better Opportunity
43581,14-12-2024,Personal Reasons
14632,08-11-2017,Unknown
3036,30-05-2025,Relocation
9583,01-10-2024,Personal Reasons
19553,23-08-2024,Relocation
49376,10-06-2022,Retirement
9844,22-01-2025,Personal Reasons
627,02-10-2025,Personal Reasons
15627,09-05-2019,Personal Reasons
48101,14-09-2022,Better Opportunity
36935,07-10-2025,Better Opportunity
29020,30-07-2023,Unknown
21050,15-01-2020,Relocation
12117,20-11-2022,Relocation
28152,05-09-2018,Unknown
46488,22-06-2023,Better Opportunity
32369,08-06-2023,Unknown
4075,06-08-2023,Personal Reasons
29614,02-07-2021,Unknown
24451,08-08-2024,Better Opportunity
36187,13-01-2023,Better Opportunity
26054,05-02-2023,Better Opportunity
24761,29-04-2022,Retirement
37233,11-07-2023,Unknown
28139,10-01-2020,Relocation
43888,04-09-2024,Relocation
42847,03-12-2024,Unknown
22131,18-10-2022,Unknown
36445,07-07-2021,Personal Reasons
9609,15-09-2022,Retirement
9726,10-07-2025,Personal Reasons
11016,12-01-2022,Relocation
12982,01-05-2025,Better Opportunity
26823,24-04-2021,Unknown
45682,20-03-2018,Better Opportunity
16131,03-05-2019,Unknown
32771,04-11-2023,Unknown
38400,22-05-2023,Personal Reasons
9612,06-08-2021,Unknown
4335,18-07-2023,Personal Reasons
14016,31-01-2022,Better Opportunity
23830,02-04-2022,Unknown
38065,22-05-2025,Relocation
482,15-08-2021,Personal Reasons
3628,22-02-2025,Better Opportunity
10488,26-07-2025,Better Opportunity
9233,01-02-2021,Personal Reasons
16276,19-10-2023,Better Opportunity
15721,21-02-2025,Better Opportunity
18263,25-06-2020,Personal Reasons
40469,28-02-2023,Better Opportunity
47117,06-09-2025,Better Opportunity
5961,18-01-2024,Relocation
39351,28-10-2024,Retirement
38834,14-06-2025,Retirement
7278,10-11-2022,Unknown
46591,13-04-2020,Unknown
36002,07-08-2024,Better Opportunity
49587,23-07-2025,Retirement
23301,25-01-2022,Personal Reasons
15131,27-01-2024,Better Opportunity
45295,06-09-2025,Relocation
5920,28-06-2024,Personal Reasons
35007,10-10-2019,Retirement
41236,17-07-2024,Relocation
22891,05-11-2024,Better Opportunity
38005,20-09-2020,Unknown
30824,20-12-2021,Retirement
13283,29-03-2023,Unknown
2778,17-08-2023,Unknown
47958,11-03-2022,Better Opportunity
14817,17-04-2025,Relocation
36237,17-03-2025,Retirement
35866,28-10-2023,Retirement
16870,12-11-2023,Personal Reasons
23710,19-04-2025,Better Opportunity
13385,08-10-2025,Better Opportunity
44623,29-10-2017,Retirement
31764,24-07-2024,Personal Reasons
15246,27-01-2021,Unknown
23385,15-06-2023,Better Opportunity
39379,22-07-2025,Better Opportunity
16997,24-10-2024,Better Opportunity
16962,11-07-2025,Relocation
13509,22-10-2024,Better Opportunity
35611,26-03-2022,Personal Reasons
18169,28-12-2022,Personal Reasons
6998,20-05-2025,Relocation
46742,25-04-2025,Unknown
12311,10-04-2023,Retirement
5148,01-07-2022,Retirement
5622,02-02-2025,Better Opportunity
47866,02-10-2025,Relocation
28009,20-03-2024,Retirement
22162,21-10-2024,Better Opportunity
6854,17-04-2024,Personal Reasons
36692,20-11-2024,Relocation
23551,29-12-2024,Retirement
11785,13-07-2025,Better Opportunity
5518,21-07-2024,Personal Reasons
18437,19-04-2020,Unknown
19725,26-06-2025,Unknown
34717,26-07-2024,Retirement
48708,14-07-2024,Personal Reasons
17025,20-01-2025,Retirement
40707,23-05-2025,Unknown
2016,26-11-2023,Unknown
39114,28-04-2023,Relocation
22065,10-03-2025,Relocation
18897,16-09-2024,Better Opportunity
4128,03-01-2024,Relocation
25695,22-12-2024,Better Opportunity
34041,31-10-2022,Personal Reasons
4321,29-01-2025,Retirement
17914,17-10-2021,Better Opportunity
28730,18-10-2020,Personal Reasons
31442,28-12-2021,Retirement
4448,20-04-2021,Better Opportunity
42832,08-02-2023,Better Opportunity
7916,06-09-2018,Personal Reasons
12483,24-09-2017,Relocation
20717,28-02-2025,Relocation
17845,10-05-2024,Unknown
10864,12-05-2021,Personal Reasons
6579,09-10-2025,Personal Reasons
9851,15-09-2024,Retirement
38207,19-09-2016,Relocation
14999,02-09-2023,Better Opportunity
29692,07-08-2023,Retirement
40797,09-04-2025,Better Opportunity
14079,03-03-2025,Relocation
22965,28-07-2019,Relocation
16639,06-08-2024,Retirement
2353,05-04-2025,Unknown
18149,06-08-2022,Better Opportunity
35078,22-06-2025,Better Opportunity
40335,29-06-2024,Relocation
29431,01-04-2024,Personal Reasons
39419,02-06-2025,Relocation
15038,11-07-2025,Retirement
44866,10-06-2025,Personal Reasons
27597,14-10-2016,Personal Reasons
31550,12-09-2024,Unknown
16013,23-02-2024,Relocation
2689,09-04-2021,Unknown
19677,30-08-2025,Unknown
26571,03-08-2023,Better Opportunity
42929,09-06-2020,Personal Reasons
10269,14-08-2025,Relocation
39169,20-10-2022,Better Opportunity
49968,09-09-2025,Relocation
12354,07-03-2020,Personal Reasons
16936,19-02-2025,Better Opportunity
34030,11-09-2017,Personal Reasons
38698,18-07-2025,Unknown
34424,05-11-2024,Relocation
34145,14-08-2025,Personal Reasons
12642,14-10-2022,Relocation
20393,31-10-2022,Relocation
4898,16-08-2023,Unknown
12207,28-09-2023,Unknown
4459,11-12-2024,Relocation
15072,30-07-2019,Relocation
11187,23-01-2023,Personal Reasons
35272,30-09-2025,Relocation
35352,06-06-2025,Personal Reasons
32841,07-09-2023,Retirement
5791,07-02-2023,Personal Reasons
46034,07-05-2023,Personal Reasons
5618,28-09-2024,Retirement
31706,03-11-2018,Better Opportunity
24871,08-09-2024,Retirement
37579,19-12-2024,Better Opportunity
45258,07-07-2024,Personal Reasons
33126,05-10-2024,Unknown
14377,30-11-2024,Better Opportunity
27836,23-04-2021,Better Opportunity
33625,07-01-2025,Retirement
41011,13-04-2021,Relocation
27654,12-06-2025,Personal Reasons
8550,26-06-2024,Better Opportunity
40612,23-06-2024,Personal Reasons
36697,20-10-2017,Personal Reasons
13567,29-02-2024,Unknown
14651,15-09-2021,Relocation
742,07-11-2018,Retirement
48599,07-12-2023,Better Opportunity
14455,20-10-2020,Better Opportunity
49604,25-01-2023,Unknown
16397,12-12-2019,Retirement
14121,27-07-2024,Relocation
32778,26-08-2021,Personal Reasons
31374,27-12-2021,Relocation
37584,23-08-2025,Relocation
24838,13-08-2025,Better Opportunity
18475,17-03-2025,Personal Reasons
7680,08-12-2023,Better Opportunity
16475,02-03-2025,Better Opportunity
13948,08-05-2022,Retirement
11958,09-11-2023,Personal Reasons
47709,19-08-2025,Relocation
7107,07-02-2023,Relocation
55,12-10-2022,Personal Reasons
42365,24-04-2025,Personal Reasons
23200,01-06-2025,Personal Reasons
32050,24-07-2025,Unknown
27512,21-10-2024,Retirement
27811,20-07-2024,Retirement
897,25-03-2024,Unknown
30987,11-09-2024,Retirement
2403,27-10-2024,Personal Reasons
42162,04-09-2025,Personal Reasons
14122,09-12-2024,Better Opportunity
4580,11-07-2024,Relocation
8541,28-09-2021,Relocation
30435,07-05-2025,Relocation
8364,31-07-2025,Relocation
27948,10-03-2022,Better Opportunity
30683,02-03-2019,Unknown
37833,02-04-2023,Better Opportunity
46191,27-07-2018,Better Opportunity
6072,21-04-2022,Retirement
2127,10-09-2025,Better Opportunity
28232,26-02-2017,Relocation
5762,15-05-2024,Unknown
48106,19-03-2018,Personal Reasons
31961,12-01-2023,Relocation
38822,06-04-2025,Relocation
27320,05-03-2024,Better Opportunity
28807,30-08-2025,Better Opportunity
38824,20-04-2017,Relocation
47734,30-03-2020,Retirement
46968,31-03-2025,Better Opportunity
41339,16-09-2025,Better Opportunity
15919,29-03-2024,Relocation
8013,03-12-2023,Better Opportunity
21794,04-06-2023,Unknown
23799,06-06-2023,Relocation
49106,09-09-2022,Personal Reasons
38777,29-07-2025,Relocation
2929,16-07-2024,Better Opportunity
44422,09-04-2022,Retirement
3425,05-08-2020,Better Opportunity
6391,13-08-2022,Relocation
24208,07-08-2025,Better Opportunity
6487,08-10-2025,Better Opportunity
38909,17-01-2024,Better Opportunity
23508,21-07-2022,Unknown
30274,30-07-2024,Better Opportunity
27372,01-05-2025,Unknown
2749,16-09-2020,Personal Reasons
19707,29-01-2023,Personal Reasons
49104,21-11-2018,Better Opportunity
17091,06-11-2024,Unknown
15498,08-06-2025,Retirement
41844,26-07-2022,Better Opportunity
29140,07-10-2020,Retirement
22549,06-10-2025,Relocation
11568,10-04-2024,Relocation
18129,08-01-2024,Personal Reasons
29984,20-02-2022,Personal Reasons
46409,25-06-2023,Retirement
22867,13-03-2023,Unknown
46207,08-10-2023,Relocation
31680,30-12-2019,Relocation
32447,13-09-2025,Retirement
38525,07-09-2020,Better Opportunity
37461,28-12-2016,Relocation
124,12-08-2023,Better Opportunity
13178,13-07-2025,Personal Reasons
38238,04-03-2023,Better Opportunity
4572,06-12-2023,Better Opportunity
8693,13-03-2021,Better Opportunity
25560,01-12-2024,Unknown
35967,06-10-2025,Retirement
26034,28-11-2024,Unknown
37347,22-01-2023,Retirement
11,29-01-2024,Relocation
44110,29-07-2021,Retirement
44479,08-05-2025,Relocation
31812,11-11-2023,Unknown
37652,25-02-2020,Better Opportunity
19954,09-07-2020,Better Opportunity
1192,10-12-2023,Unknown
35975,06-12-2021,Relocation
29091,05-03-2024,Unknown
49333,03-08-2023,Relocation
387,29-08-2025,Personal Reasons
21350,03-08-2022,Personal Reasons
33821,22-07-2022,Relocation
3585,22-08-2025,Personal Reasons
3549,21-11-2021,Retirement
30182,08-07-2022,Relocation
34331,14-05-2025,Better Opportunity
21847,30-07-2016,Relocation
18998,13-07-2024,Personal Reasons
20858,04-03-2025,Relocation
13326,09-09-2023,Retirement
16380,03-08-2020,Better Opportunity
41192,09-11-2024,Retirement
20204,07-08-2025,Retirement
15074,05-02-2025,Unknown
16335,07-07-2023,Unknown
28503,21-08-2023,Better Opportunity
14387,12-07-2025,Unknown
42980,02-11-2021,Retirement
671,14-09-2025,Retirement
12032,25-02-2025,Relocation
29821,01-01-2025,Retirement
29317,29-08-2025,Better Opportunity
32851,02-04-2024,Retirement
2943,27-04-2024,Better Opportunity
22150,20-12-2024,Personal Reasons
32531,07-02-2021,Personal Reasons
34874,27-08-2024,Personal Reasons
8213,09-09-2025,Unknown
15952,23-01-2025,Personal Reasons
14235,24-02-2025,Better Opportunity
25075,30-06-2020,Retirement
29152,13-03-2022,Retirement
20709,11-06-2023,Personal Reasons
6447,18-11-2024,Unknown
37562,11-08-2023,Personal Reasons
25726,22-09-2025,Relocation
2485,26-07-2016,Relocation
13146,13-01-2024,Better Opportunity
28991,08-07-2023,Relocation
2820,03-01-2023,Relocation
46061,06-06-2025,Retirement
42231,24-11-2024,Retirement
48623,23-05-2020,Unknown
21468,05-07-2019,Better Opportunity
49497,10-10-2024,Personal Reasons
38844,08-04-2021,Better Opportunity
35318,30-03-2020,Retirement
16753,23-02-2025,Retirement
37160,12-03-2025,Better Opportunity
42678,21-06-2022,Relocation
14161,01-07-2025,Personal Reasons
4399,04-04-2025,Relocation
42731,14-08-2025,Retirement
25045,17-03-2025,Better Opportunity
5540,27-10-2022,Better Opportunity
4047,06-06-2021,Personal Reasons
5206,17-04-2023,Retirement
22545,04-02-2021,Personal Reasons
5503,31-07-2025,Personal Reasons
19734,06-10-2018,Better Opportunity
48324,26-02-2025,Relocation
49191,19-01-2020,Unknown
16324,25-06-2025,Personal Reasons
20163,29-09-2025,Personal Reasons
27242,27-10-2019,Retirement
4886,24-05-2025,Better Opportunity
11366,05-05-2024,Personal Reasons
42387,31-05-2020,Personal Reasons
40079,28-03-2024,Personal Reasons
34528,21-07-2024,Unknown
1114,22-04-2022,Better Opportunity
35563,21-06-2023,Retirement
2623,03-10-2025,Better Opportunity
7216,14-05-2024,Unknown
35458,15-01-2025,Relocation
46943,05-01-2025,Retirement
41206,15-06-2019,Better Opportunity
33746,12-06-2025,Relocation
12394,02-03-2025,Personal Reasons
3577,08-05-2024,Retirement
15363,28-07-2020,Relocation
20542,06-11-2024,Retirement
3731,23-01-2020,Unknown
42911,18-12-2024,Retirement
23876,28-12-2024,Better Opportunity
11726,20-11-2021,Better Opportunity
40762,04-09-2022,Retirement
27672,10-09-2022,Better Opportunity
23548,19-08-2024,Better Opportunity
2505,05-09-2025,Personal Reasons
3311,14-03-2024,Unknown
48865,04-08-2023,Retirement
10862,27-04-2023,Better Opportunity
7906,24-08-2023,Relocation
25318,03-09-2025,Unknown
43815,31-01-2017,Personal Reasons
34387,20-02-2025,Relocation
7699,29-09-2018,Better Opportunity
32940,20-02-2025,Better Opportunity
18167,23-08-2025,Better Opportunity
45528,14-12-2021,Better Opportunity
38551,19-04-2017,Relocation
6527,17-06-2025,Relocation
31365,01-09-2019,Unknown
6069,29-04-2021,Better Opportunity
49129,19-07-2024,Personal Reasons
40767,22-03-2023,Personal Reasons
46096,31-07-2025,Relocation
28237,29-01-2025,Relocation
18412,05-07-2025,Unknown
27144,15-02-2023,Unknown
27319,10-06-2022,Better Opportunity
8832,24-07-2023,Personal Reasons
49211,30-07-2023,Relocation
18729,20-02-2025,Unknown
24074,01-01-2025,Relocation
23804,12-03-2025,Better Opportunity
38838,20-07-2025,Retirement
48000,08-10-2024,Better Opportunity
3801,18-12-2021,Relocation
31785,10-08-2025,Personal Reasons
16711,18-07-2024,Personal Reasons
48482,19-11-2022,Better Opportunity
27765,15-12-2024,Unknown
27998,17-06-2024,Relocation
49360,09-08-2024,Personal Reasons
18623,15-10-2024,Relocation
11294,12-09-2020,Personal Reasons
15699,03-09-2025,Better Opportunity
5805,20-05-2022,Relocation
23946,28-08-2024,Unknown
28746,26-09-2025,Personal Reasons
49346,06-10-2025,Personal Reasons
25024,16-09-2025,Better Opportunity
20803,26-04-2019,Unknown
11361,16-12-2024,Better Opportunity
8960,18-04-2023,Retirement
44647,18-10-2024,Retirement
32180,09-08-2023,Unknown
49043,05-09-2024,Retirement
21162,20-12-2023,Unknown
13685,25-11-2022,Better Opportunity
19584,16-05-2022,Relocation
44322,22-05-2025,Better Opportunity
37265,20-10-2023,Retirement
31861,10-07-2025,Personal Reasons
7820,28-07-2024,Relocation
4175,02-05-2023,Better Opportunity
29767,04-10-2025,Retirement
4265,25-12-2022,Retirement
28861,06-02-2023,Unknown
3460,10-05-2018,Retirement
10725,31-10-2016,Personal Reasons
274,29-08-2024,Unknown
42799,15-12-2019,Retirement
26640,29-01-2021,Better Opportunity
29117,08-01-2025,Better Opportunity
42962,23-03-2023,Relocation
46587,24-03-2023,Relocation
45097,23-05-2025,Better Opportunity
30222,31-12-2022,Retirement
19794,12-05-2018,Better Opportunity
33975,16-09-2022,Relocation
39432,26-08-2023,Personal Reasons
32234,10-10-2021,Retirement
22200,16-04-2024,Personal Reasons
35981,03-07-2023,Retirement
46899,25-01-2020,Retirement
24457,31-05-2023,Relocation
41158,28-04-2025,Relocation
6265,21-03-2025,Personal Reasons
22715,20-05-2025,Better Opportunity
20625,27-02-2018,Relocation
25621,06-10-2019,Relocation
26461,22-10-2024,Relocation
38497,12-10-2025,Relocation
32312,22-03-2025,Relocation
43325,25-01-2019,Relocation
46716,28-06-2025,Relocation
37973,19-02-2024,Better Opportunity
45929,03-05-2017,Personal Reasons
10836,13-08-2022,Unknown
20949,25-01-2022,Better Opportunity
46726,04-02-2025,Better Opportunity
46834,22-07-2025,Retirement
28423,27-02-2025,Unknown
6324,20-01-2021,Unknown
36412,09-10-2025,Retirement
21603,24-04-2021,Retirement
34029,02-06-2024,Relocation
39602,24-06-2017,Better Opportunity
25705,17-03-2020,Unknown
3457,21-03-2025,Better Opportunity
30932,25-03-2024,Unknown
35160,05-10-2025,Unknown
18331,13-01-2025,Retirement
820,18-08-2023,Retirement
36780,22-08-2025,Personal Reasons
13137,13-03-2020,Unknown
21670,27-07-2025,Better Opportunity
9497,15-09-2025,Retirement
15689,27-03-2021,Retirement
715,26-01-2025,Better Opportunity
61,23-10-2021,Better Opportunity
22438,22-03-2024,Personal Reasons
25992,25-01-2023,Relocation
38069,09-05-2018,Unknown
43818,27-05-2020,Better Opportunity
26260,15-08-2025,Retirement
41659,29-01-2022,Unknown
29811,10-12-2023,Relocation
17749,14-06-2025,Retirement
18894,24-12-2024,Better Opportunity
3058,11-10-2023,Retirement
17468,26-01-2022,Retirement
11322,10-02-2025,Retirement
3361,09-07-2025,Better Opportunity
24585,08-12-2024,Relocation
5970,07-10-2019,Relocation
47328,11-10-2025,Relocation
16759,01-09-2024,Relocation
12385,26-04-2025,Retirement
29577,19-08-2022,Better Opportunity
44826,04-06-2016,Retirement
49289,13-06-2023,Personal Reasons
3335,06-12-2021,Relocation
48786,16-10-2021,Better Opportunity
38928,06-07-2025,Relocation
12370,29-03-2023,Better Opportunity
246,15-07-2025,Personal Reasons
22234,01-03-2025,Retirement
18445,14-04-2023,Better Opportunity
17667,21-09-2024,Unknown
11839,08-07-2023,Personal Reasons
18689,11-01-2021,Retirement
33267,07-02-2025,Relocation
9857,21-10-2020,Better Opportunity
22105,31-05-2019,Relocation
29768,11-02-2025,Relocation
35065,21-01-2025,Unknown
44361,20-08-2025,Better Opportunity
11823,02-07-2022,Retirement
15755,08-07-2025,Better Opportunity
36742,12-10-2024,Unknown
30196,23-10-2023,Relocation
35350,07-10-2025,Retirement
43462,02-03-2024,Better Opportunity
6942,31-07-2018,Retirement
41170,22-09-2023,Relocation
44539,14-05-2022,Retirement
3590,08-09-2022,Unknown
29051,20-08-2022,Better Opportunity
21400,04-06-2025,Better Opportunity
3925,16-01-2024,Unknown
32046,22-01-2021,Better Opportunity
49347,06-05-2024,Unknown
25083,26-07-2025,Better Opportunity
49896,01-11-2021,Better Opportunity
19731,05-02-2023,Retirement
40394,24-07-2022,Better Opportunity
5631,06-02-2024,Relocation
43794,06-03-2025,Personal Reasons
26244,17-12-2021,Retirement
2721,19-01-2025,Relocation
47055,01-08-2016,Relocation
45661,03-10-2024,Unknown
3205,28-06-2023,Unknown
25728,17-09-2024,Better Opportunity
23949,09-07-2025,Retirement
4872,19-08-2022,Personal Reasons
20285,10-07-2024,Relocation
35122,24-05-2024,Retirement
24289,08-06-2025,Relocation
31384,27-05-2023,Retirement
11312,11-12-2017,Better Opportunity
36351,21-01-2023,Retirement
41348,29-09-2023,Retirement
28931,25-05-2024,Better Opportunity
16591,26-08-2025,Relocation
43986,20-07-2025,Retirement
36589,02-07-2023,Retirement
47035,03-05-2021,Relocation
28246,27-01-2021,Retirement
19336,14-06-2023,Personal Reasons
26782,17-12-2020,Retirement
43165,02-07-2025,Better Opportunity
866,20-03-2023,Personal Reasons
6066,03-02-2021,Relocation
15312,31-08-2022,Personal Reasons
44237,23-08-2025,Better Opportunity
8841,02-07-2024,Better Opportunity
19783,23-09-2020,Relocation
28907,18-02-2025,Better Opportunity
41678,18-08-2025,Personal Reasons
33276,15-11-2021,Personal Reasons
33131,29-10-2023,Relocation
43416,19-11-2024,Relocation
39680,27-09-2023,Relocation
20351,26-10-2024,Personal Reasons
6785,16-02-2021,Retirement
22840,25-02-2021,Retirement
21886,11-09-2021,Unknown
25630,19-07-2022,Retirement
45798,06-06-2022,Personal Reasons
13830,08-12-2024,Unknown
6654,07-02-2024,Relocation
18467,14-07-2023,Better Opportunity
48249,12-09-2018,Relocation
3470,04-07-2025,Personal Reasons
28426,11-09-2020,Retirement
13350,02-07-2019,Relocation
24773,10-04-2022,Retirement
25603,01-08-2025,Better Opportunity
16824,26-04-2024,Relocation
6551,04-04-2022,Retirement
5202,19-08-2025,Better Opportunity
40639,10-08-2025,Better Opportunity
16326,25-10-2020,Relocation
22146,02-01-2024,Unknown
33367,03-06-2021,Personal Reasons
27766,30-11-2021,Retirement
40057,04-02-2025,Retirement
4392,06-06-2025,Retirement
15403,29-10-2016,Better Opportunity
42838,18-01-2019,Personal Reasons
1145,14-02-2025,Better Opportunity
17515,05-08-2024,Personal Reasons
47754,21-09-2019,Retirement
47274,24-06-2023,Unknown
2613,12-01-2025,Personal Reasons
27033,29-12-2023,Unknown
26744,02-01-2023,Retirement
1850,25-08-2020,Personal Reasons
34256,07-07-2023,Personal Reasons
315,21-12-2020,Retirement
22048,01-10-2025,Relocation
17646,06-08-2025,Retirement
24086,24-10-2021,Relocation
25277,05-11-2024,Better Opportunity
28241,06-08-2023,Retirement
15350,06-01-2025,Relocation
35560,03-02-2025,Relocation
45441,30-09-2025,Relocation
35561,12-10-2025,Personal Reasons
14901,16-02-2022,Unknown
21728,24-07-2023,Relocation
29926,17-06-2024,Relocation
2462,25-06-2025,Personal Reasons
9517,17-03-2024,Retirement
7245,25-05-2024,Retirement
42570,04-07-2019,Unknown
31024,28-10-2022,Unknown
9229,16-01-2024,Better Opportunity
31471,04-09-2020,Relocation
37944,14-06-2025,Personal Reasons
2941,04-12-2024,Personal Reasons
28304,15-08-2020,Better Opportunity
4859,28-03-2024,Personal Reasons
7433,28-01-2024,Unknown
43916,08-06-2025,Retirement
41864,30-08-2023,Unknown
27890,09-06-2022,Better Opportunity
2242,27-09-2025,Personal Reasons
42222,25-07-2025,Retirement
20309,25-08-2019,Unknown
21618,02-10-2025,Unknown
35775,15-10-2024,Relocation
4995,13-11-2020,Unknown
43236,24-06-2024,Personal Reasons
40666,15-08-2024,Unknown
18229,22-01-2025,Retirement
25016,11-12-2022,Better Opportunity
43881,02-04-2023,Better Opportunity
47476,12-07-2024,Unknown
36449,25-01-2021,Better Opportunity
25379,02-06-2025,Relocation
29019,13-06-2024,Retirement
9070,19-01-2020,Relocation
39795,19-05-2020,Unknown
25207,29-08-2023,Better Opportunity
31635,22-12-2023,Relocation
25764,10-05-2024,Retirement
39993,27-03-2024,Better Opportunity
45621,18-05-2025,Better Opportunity
47264,13-06-2020,Better Opportunity
39083,01-08-2024,Better Opportunity
46547,14-09-2023,Unknown
21721,21-10-2024,Relocation
42158,05-08-2023,Retirement
37797,23-09-2024,Personal Reasons
11528,31-08-2024,Personal Reasons
30857,17-07-2023,Personal Reasons
16935,19-12-2018,Better Opportunity
9496,18-07-2025,Personal Reasons
14911,30-12-2021,Personal Reasons
47155,21-04-2025,Unknown
39231,09-07-2022,Unknown
41422,11-01-2023,Better Opportunity
45458,16-06-2025,Personal Reasons
3403,07-10-2024,Personal Reasons
36392,28-05-2024,Unknown
49761,11-05-2024,Unknown
49427,03-03-2020,Retirement
25611,24-09-2025,Personal Reasons
11812,19-03-2025,Unknown
8116,18-09-2021,Relocation
663,11-10-2025,Retirement
44571,08-10-2025,Better Opportunity
47607,23-11-2022,Retirement
15267,02-08-2025,Personal Reasons
5265,31-12-2024,Personal Reasons
9132,06-10-2020,Better Opportunity
41820,13-03-2025,Unknown
15615,16-11-2021,Unknown
37537,23-10-2022,Unknown
624,15-03-2022,Personal Reasons
38588,06-09-2025,Unknown
46845,27-06-2025,Unknown
17401,12-04-2023,Better Opportunity
30321,15-02-2025,Personal Reasons
23329,13-04-2024,Unknown
31588,03-12-2023,Retirement
37778,26-03-2025,Unknown
45903,29-09-2023,Retirement
19637,21-08-2019,Better Opportunity
24036,28-11-2023,Personal Reasons
46753,31-12-2023,Relocation
44794,20-06-2023,Unknown
11970,25-04-2022,Retirement
11347,31-05-2019,Personal Reasons
8764,15-07-2020,Unknown
21133,13-01-2018,Unknown
6656,28-06-2025,Retirement
39890,21-06-2023,Retirement
43950,28-04-2025,Better Opportunity
36531,01-12-2019,Retirement
29040,14-06-2025,Retirement
41705,21-07-2018,Better Opportunity
48508,19-03-2023,Unknown
7328,27-07-2023,Relocation
30139,02-09-2023,Personal Reasons
14386,20-04-2024,Retirement
36466,01-08-2025,Retirement
20093,15-04-2022,Relocation
27858,09-07-2017,Relocation
10988,16-09-2025,Relocation
49690,11-09-2019,Personal Reasons
15296,23-06-2025,Relocation
12781,21-09-2024,Better Opportunity
26877,01-09-2025,Unknown
4784,11-05-2018,Relocation
24528,13-03-2022,Retirement
40744,27-11-2020,Unknown
42760,17-07-2025,Better Opportunity
30001,18-11-2022,Unknown
37436,01-07-2022,Relocation
35955,27-08-2022,Better Opportunity
995,16-05-2023,Retirement
39235,17-11-2024,Better Opportunity
19267,26-07-2022,Retirement
20494,29-03-2021,Unknown
216,05-03-2023,Better Opportunity
18764,07-07-2024,Relocation
4601,01-03-2020,Relocation
39676,08-01-2023,Better Opportunity
7224,16-05-2025,Unknown
24956,14-09-2024,Relocation
11873,26-06-2019,Relocation
38111,08-10-2019,Relocation
245,18-11-2018,Personal Reasons
15078,07-05-2025,Relocation
19383,19-04-2025,Relocation
31970,29-03-2024,Better Opportunity
21797,05-05-2022,Retirement
6067,09-03-2025,Better Opportunity
42749,22-02-2025,Better Opportunity
42701,01-10-2022,Better Opportunity
48894,12-09-2025,Relocation
30099,23-08-2018,Relocation
28700,17-07-2020,Relocation
13527,11-07-2022,Unknown
1300,20-06-2024,Retirement
9456,20-05-2021,Relocation
18787,26-12-2024,Relocation
37650,06-07-2025,Retirement
10403,25-12-2022,Relocation
47551,25-06-2022,Unknown
20293,09-06-2025,Unknown
7446,20-11-2024,Better Opportunity
21149,16-04-2020,Unknown
48850,18-02-2023,Unknown
14508,06-01-2025,Retirement
8931,21-06-2021,Unknown
39690,03-11-2022,Better Opportunity
38721,06-08-2025,Relocation
21380,04-08-2024,Personal Reasons
30919,27-10-2023,Better Opportunity
35987,07-03-2024,Relocation
35025,17-06-2021,Relocation
19478,03-12-2024,Better Opportunity
37850,16-08-2025,Better Opportunity
15551,01-06-2024,Personal Reasons
25020,13-11-2022,Retirement
48931,25-05-2025,Personal Reasons
17349,20-03-2019,Relocation
37825,04-06-2020,Relocation
25702,09-08-2023,Better Opportunity
22833,24-02-2024,Better Opportunity
1148,08-02-2019,Better Opportunity
30769,06-06-2020,Personal Reasons
43087,15-08-2025,Relocation
21311,30-05-2022,Retirement
49128,18-02-2023,Relocation
21078,01-10-2021,Retirement
5527,22-05-2022,Retirement
37231,28-02-2025,Better Opportunity
26932,23-08-2025,Relocation
1567,23-12-2024,Better Opportunity
48972,14-06-2023,Retirement
40675,03-08-2023,Retirement
41584,05-06-2024,Retirement
192,22-01-2025,Relocation
14085,02-04-2023,Retirement
34169,14-10-2020,Personal Reasons
12006,26-04-2025,Unknown
6923,07-05-2024,Relocation
33858,22-04-2025,Better Opportunity
37888,21-09-2021,Retirement
3566,18-07-2025,Retirement
10539,09-08-2024,Relocation
24582,21-05-2022,Retirement
45366,11-03-2020,Relocation
20138,30-04-2023,Retirement
27308,07-02-2016,Relocation
46233,14-11-2023,Retirement
49972,27-05-2025,Retirement
39686,12-01-2022,Unknown
12438,16-04-2024,Personal Reasons
30871,24-06-2024,Personal Reasons
24961,03-11-2019,Relocation
11552,25-09-2025,Better Opportunity
28897,19-04-2025,Better Opportunity
5782,22-06-2018,Retirement
43751,16-08-2025,Better Opportunity
6657,18-01-2025,Personal Reasons
18148,04-02-2019,Unknown
26043,08-04-2025,Better Opportunity
25660,08-04-2021,Personal Reasons
19400,10-07-2023,Relocation
47310,19-07-2025,Unknown
4889,16-03-2022,Personal Reasons
34228,27-09-2024,Retirement
38023,01-08-2025,Better Opportunity
25296,09-10-2025,Unknown
48075,17-08-2021,Better Opportunity
18479,12-07-2021,Relocation
8231,12-12-2021,Relocation
39041,27-02-2024,Better Opportunity
9347,18-08-2025,Retirement
6515,23-08-2020,Better Opportunity
35329,16-08-2017,Retirement
8938,30-08-2023,Personal Reasons
43451,06-01-2021,Relocation
14023,15-09-2023,Personal Reasons
15578,27-04-2021,Relocation
26661,29-01-2022,Relocation
11458,07-03-2019,Relocation
11092,24-02-2025,Personal Reasons
5907,24-02-2025,Relocation
4009,28-06-2022,Better Opportunity
7944,16-11-2022,Better Opportunity
1006,26-08-2021,Retirement
24279,24-06-2020,Unknown
34005,08-03-2024,Unknown
18696,08-07-2021,Better Opportunity
19729,25-09-2024,Personal Reasons
2630,04-08-2025,Unknown
11828,26-10-2017,Unknown
16092,12-04-2019,Retirement
44656,27-11-2024,Retirement
31123,20-04-2025,Unknown
49348,14-09-2021,Personal Reasons
18747,19-09-2023,Better Opportunity
8349,01-10-2025,Relocation
19263,05-02-2025,Retirement
22981,07-02-2022,Better Opportunity
24214,11-02-2025,Better Opportunity
2231,09-10-2025,Relocation
6692,12-05-2024,Unknown
25536,13-11-2021,Personal Reasons
24087,22-04-2024,Unknown
44458,30-04-2025,Better Opportunity
10506,13-08-2019,Relocation
35960,06-10-2017,Relocation
27792,24-09-2022,Retirement
42658,17-10-2024,Retirement
23353,20-07-2025,Better Opportunity
35752,30-11-2020,Unknown
36893,08-05-2021,Better Opportunity
16404,17-01-2021,Better Opportunity
11280,24-10-2023,Personal Reasons
12752,16-05-2022,Personal Reasons
18120,06-07-2023,Personal Reasons
20660,04-10-2024,Better Opportunity
26748,26-05-2023,Unknown
38254,22-10-2023,Personal Reasons
11339,26-12-2024,Unknown
17147,26-08-2024,Better Opportunity
22751,20-11-2024,Better Opportunity
25952,15-10-2024,Retirement
2557,11-12-2023,Better Opportunity
23234,30-07-2018,Personal Reasons
24143,31-01-2022,Better Opportunity
41104,11-03-2020,Retirement
30924,24-08-2023,Unknown
632,30-09-2021,Better Opportunity
28768,14-04-2025,Unknown
4117,10-01-2022,Personal Reasons
32630,26-09-2025,Unknown
1490,10-04-2024,Unknown
4071,03-04-2024,Better Opportunity
36597,13-05-2024,Personal Reasons
1846,18-08-2024,Relocation
11247,03-04-2023,Better Opportunity
21187,06-11-2023,Retirement
3509,28-06-2024,Relocation
33973,27-09-2018,Relocation
1164,04-02-2025,Relocation
18515,14-07-2023,Relocation
8816,28-02-2025,Unknown
39441,01-10-2024,Retirement
29657,15-03-2023,Relocation
44664,21-05-2022,Retirement
35943,01-05-2025,Unknown
8425,25-12-2022,Personal Reasons
36532,08-01-2020,Unknown
17335,02-10-2025,Retirement
24493,06-05-2025,Relocation
33920,11-07-2023,Better Opportunity
1175,24-08-2023,Retirement
25383,07-08-2016,Better Opportunity
42638,01-05-2022,Better Opportunity
19266,24-09-2020,Better Opportunity
34179,05-08-2023,Better Opportunity
39317,20-03-2020,Retirement
40826,09-09-2024,Better Opportunity
26335,23-06-2018,Relocation
16193,07-03-2025,Unknown
11911,11-10-2022,Better Opportunity
49279,25-03-2022,Better Opportunity
105,18-12-2020,Retirement
11534,04-05-2021,Personal Reasons
33461,24-05-2025,Personal Reasons
14530,31-08-2019,Unknown
7639,11-09-2024,Unknown
28228,27-12-2019,Personal Reasons
19491,28-02-2024,Personal Reasons
34541,02-07-2023,Personal Reasons
24777,28-10-2023,Retirement
5868,11-08-2019,Relocation
17504,02-11-2023,Relocation
36514,06-06-2025,Better Opportunity
29064,20-08-2025,Better Opportunity
17436,31-10-2023,Retirement
28716,27-02-2025,Better Opportunity
45263,24-11-2019,Unknown
34186,29-09-2025,Personal Reasons
24124,11-07-2025,Unknown
12889,21-08-2025,Unknown
34104,15-02-2023,Unknown
2108,29-10-2021,Personal Reasons
46294,09-10-2025,Unknown
24101,09-10-2025,Relocation
47988,01-10-2021,Relocation
19715,16-10-2020,Personal Reasons
40858,23-01-2019,Unknown
41905,15-05-2023,Personal Reasons
32368,17-02-2024,Personal Reasons
45643,06-06-2021,Relocation
36595,30-09-2024,Unknown
36221,22-08-2025,Relocation
15264,20-12-2024,Retirement
32227,03-05-2022,Retirement
617,09-04-2024,Relocation
415,19-03-2017,Better Opportunity
16172,11-10-2021,Personal Reasons
5436,27-07-2023,Unknown
18915,10-06-2022,Better Opportunity
29266,22-07-2025,Retirement
28777,18-06-2022,Relocation
44399,22-10-2019,Relocation
10405,28-05-2020,Retirement
34400,13-07-2024,Better Opportunity
6095,28-05-2025,Better Opportunity
8164,22-02-2021,Better Opportunity
33295,06-11-2024,Better Opportunity
44055,13-09-2022,Retirement
20906,20-02-2025,Better Opportunity
48514,29-06-2025,Better Opportunity
20649,10-11-2023,Personal Reasons
11195,12-02-2023,Retirement
33903,25-04-2017,Relocation
10790,25-01-2024,Relocation
49617,20-09-2024,Personal Reasons
38705,21-10-2023,Relocation
27874,09-06-2024,Relocation
46028,05-07-2024,Unknown
35630,14-01-2025,Personal Reasons
42983,03-09-2024,Better Opportunity
36382,10-03-2023,Better Opportunity
5995,17-01-2022,Personal Reasons
9111,16-01-2025,Retirement
16465,24-03-2024,Personal Reasons
26434,11-12-2021,Relocation
49694,18-06-2025,Personal Reasons
25128,03-03-2022,Relocation
16100,03-07-2022,Better Opportunity
42924,29-12-2023,Personal Reasons
8516,16-12-2024,Better Opportunity
3888,13-05-2018,Personal Reasons
20878,22-05-2024,Retirement
22081,14-04-2025,Better Opportunity
31118,07-11-2023,Personal Reasons
49681,23-04-2023,Personal Reasons
29470,23-09-2022,Personal Reasons
8273,11-09-2021,Unknown
5149,30-09-2025,Unknown
27602,12-08-2022,Personal Reasons
3508,25-09-2024,Relocation
19297,01-09-2024,Personal Reasons
48714,08-02-2024,Relocation
45543,20-09-2025,Unknown
42299,10-03-2024,Retirement
1239,19-09-2020,Retirement
20040,08-12-2023,Personal Reasons
15039,15-03-2016,Retirement
33308,03-01-2025,Unknown
16425,22-08-2023,Better Opportunity
17896,13-02-2024,Retirement
4478,02-05-2023,Unknown
29386,14-11-2021,Relocation
24813,20-11-2019,Unknown
31219,05-10-2025,Better Opportunity
21021,21-08-2024,Retirement
45813,08-04-2018,Retirement
1658,18-06-2024,Better Opportunity
3543,28-01-2025,Personal Reasons
7363,14-01-2024,Relocation
4217,13-10-2022,Unknown
24153,05-11-2016,Retirement
12779,02-10-2025,Better Opportunity
19420,19-09-2019,Relocation
28043,21-06-2025,Better Opportunity
12226,09-09-2025,Relocation
44867,01-03-2024,Relocation
18975,22-05-2025,Better Opportunity
14754,17-06-2025,Personal Reasons
8475,03-04-2023,Relocation
9570,22-01-2021,Personal Reasons
27166,09-04-2023,Relocation
3883,30-12-2022,Better Opportunity
12662,30-06-2024,Unknown
27115,27-11-2022,Better Opportunity
47786,16-06-2025,Retirement
40128,17-05-2023,Unknown
3449,30-04-2024,Personal Reasons
41259,08-08-2025,Better Opportunity
25676,04-08-2024,Unknown
40919,25-09-2025,Personal Reasons
49066,09-12-2021,Better Opportunity
39691,26-10-2022,Unknown
2492,07-06-2025,Better Opportunity
44877,24-12-2024,Better Opportunity
17973,12-11-2021,Unknown
9915,09-03-2025,Better Opportunity
30382,19-07-2020,Better Opportunity
8669,10-04-2021,Retirement
4011,28-12-2020,Personal Reasons
17978,15-12-2020,Relocation
33624,28-10-2020,Better Opportunity
45431,08-09-2024,Unknown
44958,22-10-2022,Retirement
20161,20-09-2025,Retirement
33226,31-03-2024,Unknown
19405,17-02-2017,Unknown
9322,07-03-2025,Personal Reasons
49220,19-09-2022,Unknown
38122,02-03-2025,Personal Reasons
25103,08-08-2023,Relocation
6634,28-10-2023,Better Opportunity
84,30-11-2023,Personal Reasons
22604,27-03-2024,Retirement
74,11-09-2025,Relocation
8276,24-03-2023,Personal Reasons
18559,30-12-2024,Personal Reasons
33146,26-09-2019,Relocation
32103,21-03-2024,Better Opportunity
11485,23-09-2020,Personal Reasons
49159,08-04-2023,Relocation
41590,22-09-2025,Unknown
20915,15-09-2025,Unknown
42449,07-09-2024,Better Opportunity
15,19-07-2024,Retirement
45812,14-06-2021,Better Opportunity
5403,11-10-2025,Better Opportunity
39850,14-01-2024,Unknown
22589,09-12-2020,Better Opportunity
27449,11-12-2019,Unknown
26621,14-10-2021,Unknown
35253,21-04-2023,Unknown
30443,08-08-2020,Better Opportunity
28554,13-07-2025,Personal Reasons
18699,06-04-2024,Better Opportunity
21990,26-11-2020,Personal Reasons
11147,30-09-2025,Better Opportunity
21853,06-11-2024,Better Opportunity
8295,27-11-2021,Personal Reasons
12115,17-08-2025,Unknown
39677,01-03-2025,Better Opportunity
35471,01-06-2025,Retirement
37163,25-09-2023,Personal Reasons
23622,29-05-2022,Retirement
9367,14-09-2025,Better Opportunity
16194,01-05-2025,Better Opportunity
11189,06-11-2017,Unknown
44483,17-10-2023,Retirement
14141,07-03-2023,Relocation
14785,25-03-2021,Relocation
48613,01-03-2019,Unknown
34047,02-06-2020,Retirement
24224,22-09-2022,Personal Reasons
11351,15-07-2024,Retirement
8963,15-07-2019,Retirement
448,23-01-2025,Retirement
5289,04-03-2025,Relocation
9740,12-02-2020,Personal Reasons
30954,27-11-2022,Unknown
1392,15-09-2024,Relocation
7793,31-01-2023,Better Opportunity
35448,02-05-2025,Personal Reasons
46989,22-10-2020,Personal Reasons
6275,02-09-2025,Relocation
22581,28-12-2018,Unknown
19990,01-10-2019,Better Opportunity
31659,16-06-2023,Personal Reasons
4725,01-05-2020,Unknown
19033,30-05-2025,Unknown
34628,01-09-2023,Better Opportunity
31020,09-02-2024,Better Opportunity
24038,08-07-2024,Relocation
44589,01-06-2024,Better Opportunity
43873,02-05-2024,Retirement
25949,24-09-2019,Retirement
2886,08-04-2025,Better Opportunity
13417,30-12-2023,Unknown
17958,07-02-2025,Retirement
40379,27-09-2025,Relocation
29306,24-04-2018,Retirement
29988,22-06-2025,Unknown
2123,26-11-2022,Better Opportunity
17523,29-05-2024,Personal Reasons
21583,16-11-2021,Better Opportunity
7358,25-08-2025,Unknown
12049,20-03-2021,Relocation
30655,01-09-2025,Personal Reasons
16695,05-02-2025,Relocation
29989,07-11-2021,Unknown
47587,27-01-2022,Better Opportunity
18650,15-07-2023,Personal Reasons
9412,06-05-2020,Better Opportunity
19642,24-01-2018,Relocation
27362,28-07-2025,Personal Reasons
40314,05-09-2019,Better Opportunity
48030,17-05-2021,Retirement
38029,28-02-2023,Better Opportunity
15777,13-10-2024,Unknown
48679,07-04-2019,Relocation
30922,25-08-2025,Relocation
18141,22-12-2023,Better Opportunity
22467,16-04-2021,Unknown
4450,23-09-2018,Better Opportunity
49860,13-12-2023,Unknown
18150,09-10-2025,Retirement
33080,29-07-2025,Better Opportunity
37563,04-10-2025,Retirement
2210,29-06-2021,Retirement
20000,23-09-2025,Better Opportunity
4798,09-07-2023,Better Opportunity
42105,04-10-2025,Personal Reasons
36075,19-10-2023,Retirement
47800,24-06-2023,Retirement
23271,03-08-2025,Better Opportunity
48290,25-04-2024,Better Opportunity
49637,16-05-2021,Better Opportunity
38016,06-04-2024,Personal Reasons
31173,24-09-2025,Retirement
34335,08-06-2025,Better Opportunity
23193,04-12-2019,Better Opportunity
40755,17-08-2024,Personal Reasons
12739,19-11-2023,Personal Reasons
36615,20-04-2024,Unknown
8558,22-10-2022,Relocation
40337,16-02-2025,Better Opportunity
35338,03-04-2018,Personal Reasons
15690,10-04-2025,Retirement
44300,06-02-2022,Retirement
7254,02-08-2018,Unknown
8708,30-06-2020,Relocation
17236,25-01-2024,Retirement
39040,12-06-2024,Unknown
32063,28-04-2022,Personal Reasons
35469,04-02-2024,Personal Reasons
10685,08-10-2020,Retirement
25698,16-02-2025,Personal Reasons
15658,16-07-2020,Better Opportunity
18480,01-11-2024,Better Opportunity
44657,08-09-2022,Retirement
39255,02-01-2023,Unknown
22992,14-05-2025,Better Opportunity
4208,05-02-2018,Better Opportunity
19084,08-04-2022,Personal Reasons
9795,15-05-2023,Better Opportunity
33487,16-02-2024,Relocation
18990,25-04-2018,Better Opportunity
6737,09-10-2025,Relocation
12688,23-06-2024,Relocation
31470,12-02-2025,Retirement
36609,01-12-2020,Personal Reasons
29472,17-08-2023,Personal Reasons
15486,10-06-2025,Unknown
36883,07-08-2024,Relocation
20985,29-12-2020,Unknown
49740,04-05-2024,Personal Reasons
3245,17-05-2024,Retirement
27292,03-07-2022,Unknown
32548,12-07-2023,Personal Reasons
39974,25-06-2025,Personal Reasons
36783,12-02-2024,Better Opportunity
16576,02-11-2022,Better Opportunity
30608,13-05-2025,Unknown
22944,16-07-2019,Personal Reasons
21750,29-05-2024,Retirement
36938,09-02-2020,Retirement
39332,25-07-2024,Retirement
39588,30-09-2025,Personal Reasons
6886,16-09-2025,Personal Reasons
45716,12-06-2025,Unknown
46787,09-04-2022,Retirement
20182,09-10-2025,Retirement
47444,13-02-2021,Retirement
20986,03-12-2023,Unknown
8926,07-12-2023,Retirement
25744,10-03-2023,Personal Reasons
37392,29-08-2025,Better Opportunity
35976,22-01-2023,Retirement
40083,20-02-2025,Relocation
41157,02-05-2019,Better Opportunity
20943,31-03-2024,Better Opportunity
29478,11-12-2023,Retirement
32420,02-04-2025,Better Opportunity
5895,15-03-2025,Unknown
28669,02-05-2023,Better Opportunity
14057,20-04-2025,Retirement
15804,17-03-2024,Unknown
8597,27-12-2018,Personal Reasons
1395,17-09-2024,Better Opportunity
44625,12-09-2025,Unknown
38077,12-04-2024,Better Opportunity
32171,11-09-2022,Personal Reasons
9366,30-01-2024,Retirement
3247,14-11-2023,Personal Reasons
17281,20-07-2025,Personal Reasons
2906,04-01-2025,Retirement
5352,25-06-2025,Unknown
45842,04-03-2021,Relocation
37525,31-05-2022,Retirement
1656,07-08-2024,Personal Reasons
41129,07-08-2024,Retirement
12632,16-02-2025,Unknown
45636,03-09-2024,Unknown
13222,03-01-2024,Relocation
8954,20-09-2025,Better Opportunity
13298,06-08-2021,Personal Reasons
12677,01-06-2021,Retirement
25839,08-09-2018,Personal Reasons
4834,03-11-2022,Personal Reasons
42336,25-10-2022,Relocation
33224,04-12-2020,Better Opportunity
36054,08-06-2018,Unknown
40635,09-09-2024,Personal Reasons
46348,21-05-2024,Retirement
14194,15-01-2023,Retirement
1746,01-10-2024,Retirement
41674,27-02-2020,Unknown
48210,15-08-2022,Better Opportunity
27838,31-01-2025,Personal Reasons
11915,14-07-2025,Relocation
40937,13-01-2022,Personal Reasons
41569,13-02-2023,Retirement
29849,18-04-2024,Retirement
625,14-11-2020,Personal Reasons
49539,31-05-2024,Unknown
28070,25-01-2022,Better Opportunity
3338,14-11-2024,Unknown
13214,04-11-2023,Unknown
38436,08-07-2025,Personal Reasons
46540,28-04-2022,Better Opportunity
39738,26-06-2025,Personal Reasons
3374,08-10-2025,Unknown
30518,15-03-2025,Unknown
25424,04-08-2023,Unknown
16210,20-05-2025,Retirement
48010,29-09-2025,Better Opportunity
14578,16-05-2023,Unknown
8253,18-06-2021,Personal Reasons
39995,24-08-2021,Unknown
32949,24-03-2019,Retirement
41090,18-04-2024,Better Opportunity
35592,13-04-2025,Unknown
30128,22-12-2024,Better Opportunity
16460,28-12-2024,Better Opportunity
46450,03-07-2019,Better Opportunity
43637,16-02-2024,Unknown
11750,06-02-2025,Relocation
14666,21-05-2017,Personal Reasons
11759,13-07-2023,Better Opportunity
6270,20-05-2024,Personal Reasons
39966,08-10-2025,Relocation
43178,19-10-2024,Unknown
17444,27-05-2025,Relocation
7827,27-09-2025,Relocation
3535,10-05-2022,Unknown
10341,28-12-2023,Relocation
22642,13-12-2021,Better Opportunity
16746,30-03-2022,Retirement
19303,03-01-2025,Better Opportunity
21987,21-05-2019,Retirement
43886,28-07-2024,Personal Reasons
27387,20-11-2024,Retirement
19812,30-03-2025,Retirement
3230,28-07-2021,Retirement
16094,21-04-2018,Relocation
42879,09-01-2025,Unknown
33515,01-12-2023,Better Opportunity
27571,30-06-2025,Retirement
45800,18-12-2024,Unknown
37406,11-11-2022,Unknown
14284,13-05-2025,Unknown
28369,10-08-2023,Retirement
38965,11-09-2025,Personal Reasons
15833,12-03-2025,Relocation
35808,08-11-2023,Retirement
18344,11-06-2022,Better Opportunity
2878,27-10-2016,Retirement
16793,12-02-2019,Retirement
8242,05-06-2023,Unknown
34185,07-06-2019,Better Opportunity
6532,19-08-2024,Relocation
25451,11-06-2025,Personal Reasons
22290,28-04-2025,Retirement
23078,18-06-2023,Retirement
35570,27-03-2025,Personal Reasons
30943,26-02-2025,Unknown
8914,04-12-2024,Unknown
27064,20-01-2024,Unknown
47739,22-10-2024,Personal Reasons
37409,07-12-2023,Personal Reasons
34726,04-01-2023,Retirement
34712,08-05-2022,Better Opportunity
40328,17-04-2019,Unknown
32007,12-08-2024,Retirement
48925,01-06-2025,Better Opportunity
16946,22-09-2025,Unknown
11878,04-02-2024,Better Opportunity
25722,29-07-2018,Relocation
2339,22-06-2018,Relocation
13375,22-03-2025,Personal Reasons
48053,08-07-2023,Unknown
49079,03-01-2024,Unknown
22725,04-05-2025,Better Opportunity
21051,08-07-2025,Unknown
824,21-10-2022,Relocation
13678,06-12-2019,Better Opportunity
5041,16-01-2024,Personal Reasons
33778,02-01-2025,Retirement
5348,27-08-2025,Unknown
7387,21-11-2024,Retirement
12202,08-02-2022,Relocation
42529,01-12-2024,Better Opportunity
37903,28-01-2024,Retirement
19616,19-03-2025,Retirement
26931,15-03-2024,Better Opportunity
2115,20-01-2024,Relocation
3905,15-07-2024,Retirement
40045,04-10-2025,Relocation
20450,12-06-2022,Retirement
19388,02-09-2024,Relocation
4731,31-01-2018,Better Opportunity
35275,04-01-2025,Unknown
48626,23-10-2022,Retirement
22417,13-07-2020,Unknown
27221,27-11-2024,Personal Reasons
13822,14-05-2024,Retirement
33884,10-01-2024,Better Opportunity
38760,12-01-2018,Retirement
24873,29-04-2020,Personal Reasons
33560,15-02-2024,Better Opportunity
14941,06-01-2019,Relocation
4357,09-08-2024,Personal Reasons
760,26-05-2023,Unknown
3414,21-12-2024,Better Opportunity
6061,29-03-2025,Personal Reasons
31712,19-04-2023,Better Opportunity
29403,02-09-2018,Relocation
20805,20-07-2024,Better Opportunity
27612,29-03-2025,Better Opportunity
12679,26-04-2022,Personal Reasons
4658,31-05-2025,Personal Reasons
44565,16-05-2022,Personal Reasons
13634,23-10-2024,Better Opportunity
31111,16-07-2019,Unknown
17654,27-07-2020,Personal Reasons
23231,07-05-2019,Better Opportunity
40184,02-08-2024,Personal Reasons
9720,24-01-2020,Unknown
35190,03-09-2022,Retirement
4069,15-09-2023,Unknown
11698,24-05-2025,Personal Reasons
49751,02-12-2022,Better Opportunity
3381,06-08-2025,Better Opportunity
7542,26-12-2020,Personal Reasons
33257,07-01-2022,Relocation
9286,26-05-2025,Unknown
42518,19-03-2019,Better Opportunity
6145,05-05-2025,Unknown
34112,24-09-2025,Unknown
14516,19-11-2024,Better Opportunity
19645,05-05-2018,Unknown
8409,14-01-2024,Better Opportunity
19061,25-06-2020,Personal Reasons
26449,16-12-2024,Relocation
31793,06-03-2024,Relocation
29599,24-04-2019,Relocation
4878,15-11-2022,Relocation
15016,05-12-2022,Personal Reasons
40000,25-08-2023,Unknown
41644,27-09-2025,Unknown
2550,20-02-2025,Retirement
18892,21-08-2025,Better Opportunity
770,22-09-2020,Relocation
5943,19-09-2022,Personal Reasons
47792,09-08-2023,Personal Reasons
13520,20-09-2017,Unknown
20553,02-02-2024,Better Opportunity
24701,11-08-2025,Retirement
27664,07-02-2025,Personal Reasons
1533,13-03-2022,Unknown
2067,15-06-2023,Better Opportunity
16212,08-08-2024,Unknown
19879,25-05-2025,Retirement
5128,25-09-2024,Personal Reasons
25974,29-08-2024,Better Opportunity
39667,17-05-2025,Relocation
35884,10-09-2024,Relocation
41646,20-07-2025,Retirement
38908,12-04-2023,Unknown
31369,11-01-2020,Retirement
37958,13-02-2024,Unknown
14955,29-10-2023,Personal Reasons
26664,17-09-2020,Relocation
47952,12-05-2025,Personal Reasons
25612,06-02-2018,Relocation
44721,28-12-2023,Better Opportunity
11466,04-11-2023,Better Opportunity
29770,02-07-2025,Retirement
17396,11-07-2023,Relocation
20287,13-03-2018,Personal Reasons
3114,18-03-2024,Personal Reasons
47727,01-10-2023,Unknown
11809,09-10-2016,Personal Reasons
43324,26-09-2021,Unknown
11598,28-08-2024,Better Opportunity
22436,25-03-2025,Unknown
33611,02-12-2020,Better Opportunity
2082,28-02-2024,Personal Reasons
30577,16-03-2024,Personal Reasons
47406,06-06-2025,Better Opportunity
26520,24-06-2023,Relocation
23791,02-06-2024,Unknown
29721,28-05-2024,Better Opportunity
6934,25-04-2024,Better Opportunity
33457,03-11-2018,Relocation
4332,18-05-2024,Personal Reasons
38952,29-07-2025,Personal Reasons
28894,10-07-2025,Better Opportunity
45980,13-08-2025,Unknown
5232,15-09-2023,Relocation
46229,30-01-2023,Unknown
10088,26-04-2025,Retirement
13261,10-05-2025,Retirement
40134,23-02-2021,Personal Reasons
38906,06-01-2024,Retirement
6075,28-06-2025,Retirement
29923,13-04-2025,Better Opportunity
43176,07-10-2021,Relocation
43504,09-06-2024,Retirement
9533,04-02-2025,Relocation
8973,21-01-2020,Unknown
44307,26-03-2023,Retirement
49527,29-04-2023,Better Opportunity
5168,10-08-2025,Unknown
5073,26-06-2022,Personal Reasons
18565,22-02-2022,Better Opportunity
40131,08-09-2023,Better Opportunity
32684,28-07-2022,Unknown
2805,10-07-2022,Personal Reasons
49934,02-08-2024,Relocation
2318,08-09-2022,Better Opportunity
31334,24-03-2025,Retirement
33896,27-06-2020,Relocation
21828,27-09-2021,Retirement
11804,28-03-2021,Better Opportunity
36394,10-03-2025,Better Opportunity
22570,28-07-2025,Relocation
6944,09-10-2025,Better Opportunity
2810,29-08-2025,Personal Reasons
48748,05-10-2024,Better Opportunity
32983,02-06-2025,Retirement
46050,16-01-2025,Better Opportunity
38817,07-09-2025,Better Opportunity
12263,16-09-2024,Unknown
10331,13-10-2023,Relocation
6049,14-12-2024,Relocation
40769,22-02-2025,Personal Reasons
43420,05-12-2023,Better Opportunity
9277,02-12-2020,Retirement
27004,03-04-2025,Better Opportunity
16604,07-03-2025,Unknown
47298,30-12-2024,Better Opportunity
16706,19-02-2021,Better Opportunity
28329,07-04-2025,Relocation
3547,17-02-2020,Personal Reasons
11382,27-09-2025,Retirement
28282,27-07-2019,Better Opportunity
15763,02-01-2024,Unknown
37007,21-08-2024,Unknown
35973,01-04-2020,Retirement
24399,01-09-2022,Unknown
29853,26-09-2024,Retirement
34187,25-01-2024,Personal Reasons
31033,20-05-2023,Unknown
14507,17-11-2023,Unknown
11445,14-12-2021,Unknown
16047,27-10-2024,Retirement
2812,13-03-2024,Unknown
14867,22-07-2025,Better Opportunity
20725,23-06-2025,Unknown
20721,26-12-2022,Unknown
22494,03-10-2022,Better Opportunity
6473,07-09-2022,Personal Reasons
11272,23-05-2020,Personal Reasons
17546,05-08-2025,Personal Reasons
9577,28-10-2020,Retirement
9262,27-07-2022,Unknown
27843,11-10-2025,Better Opportunity
45363,28-09-2025,Unknown
21222,24-09-2024,Personal Reasons
38148,11-09-2025,Better Opportunity
40142,16-04-2023,Retirement
6159,31-08-2025,Better Opportunity
44461,20-05-2024,Better Opportunity
14197,04-07-2020,Better Opportunity
5017,24-09-2023,Retirement
2362,20-04-2024,Retirement
27147,27-06-2025,Unknown
9334,28-06-2025,Relocation
20179,04-03-2024,Better Opportunity
17235,12-05-2024,Personal Reasons
27030,10-07-2019,Relocation
44167,10-03-2021,Relocation
3293,19-02-2021,Retirement
1374,09-08-2025,Better Opportunity
32215,08-09-2019,Retirement
47041,30-11-2024,Unknown
24238,27-12-2024,Unknown
1253,17-02-2025,Personal Reasons
21836,27-05-2023,Retirement
22461,06-01-2025,Better Opportunity
24469,11-12-2024,Unknown
37529,21-01-2021,Better Opportunity
36973,20-06-2025,Retirement
37998,14-09-2019,Relocation
28040,12-02-2024,Personal Reasons
30489,15-02-2025,Relocation
16280,26-09-2025,Personal Reasons
35971,30-05-2025,Unknown
9958,19-02-2025,Relocation
19204,18-05-2023,Retirement
39839,21-10-2019,Personal Reasons
35071,20-03-2025,Personal Reasons
3730,07-09-2023,Unknown
32233,06-01-2024,Unknown
33013,23-11-2022,Personal Reasons
2213,22-01-2025,Retirement
18839,15-05-2023,Retirement
44884,23-01-2024,Personal Reasons
35880,29-03-2023,Retirement
38085,27-03-2020,Personal Reasons
48818,22-02-2025,Better Opportunity
38775,20-09-2022,Relocation
30901,16-05-2025,Personal Reasons
18336,24-09-2024,Relocation
30473,24-03-2019,Better Opportunity
48059,26-07-2025,Unknown
20741,12-01-2024,Better Opportunity
37870,10-10-2019,Personal Reasons
31072,12-03-2025,Better Opportunity
12374,10-11-2021,Retirement
3668,12-04-2024,Better Opportunity
2872,27-03-2025,Unknown
18568,01-02-2024,Retirement
25755,11-03-2025,Personal Reasons
29308,03-08-2023,Unknown
38725,21-11-2024,Better Opportunity
29732,07-09-2024,Retirement
42859,03-12-2024,Unknown
2839,23-11-2023,Relocation
19338,04-03-2025,Personal Reasons
24340,06-08-2023,Unknown
35042,13-02-2024,Retirement
22704,02-10-2019,Relocation
32403,04-10-2024,Personal Reasons
18104,31-05-2022,Relocation
11579,07-09-2025,Relocation
21399,17-12-2016,Relocation
1092,02-09-2019,Better Opportunity
9666,01-12-2024,Personal Reasons
47556,20-10-2022,Better Opportunity
14108,23-05-2020,Unknown
1282,15-11-2020,Better Opportunity
46278,06-02-2019,Better Opportunity
48052,24-09-2023,Relocation
42839,19-04-2021,Relocation
35162,26-05-2023,Relocation
10942,02-07-2020,Unknown
13579,11-10-2022,Better Opportunity
9722,24-06-2023,Retirement
35348,08-08-2025,Relocation
27979,12-12-2021,Relocation
48397,03-11-2022,Unknown
25613,22-09-2024,Better Opportunity
6880,05-04-2024,Personal Reasons
11497,27-08-2022,Better Opportunity
43391,29-01-2023,Unknown
21405,11-11-2019,Retirement
17456,04-10-2021,Personal Reasons
28975,17-07-2020,Personal Reasons
34372,27-07-2025,Retirement
18769,27-02-2023,Relocation
32801,23-03-2023,Personal Reasons
888,31-08-2017,Unknown
1589,22-02-2021,Better Opportunity
25959,14-06-2022,Personal Reasons
17521,07-06-2025,Retirement
42485,08-02-2023,Better Opportunity
5474,31-08-2025,Better Opportunity
42263,07-03-2022,Relocation
43841,27-07-2024,Retirement
1579,23-12-2024,Unknown
37844,26-03-2025,Unknown
40274,07-05-2020,Personal Reasons
28261,09-02-2025,Retirement
13272,31-08-2023,Relocation
2966,07-08-2025,Personal Reasons
27973,23-10-2021,Retirement
27357,06-08-2024,Better Opportunity
41255,01-07-2025,Better Opportunity
8172,10-12-2022,Personal Reasons
12894,23-07-2020,Personal Reasons
35921,16-11-2022,Retirement
6434,24-01-2024,Better Opportunity
20672,24-05-2025,Relocation
28002,29-04-2025,Better Opportunity
7982,17-09-2022,Relocation
8543,29-08-2024,Personal Reasons
6883,22-02-2022,Retirement
14445,06-08-2022,Retirement
46546,17-10-2024,Better Opportunity
45748,12-08-2023,Relocation
1872,10-12-2021,Relocation
19389,11-10-2024,Better Opportunity
46082,25-01-2025,Relocation
47240,18-07-2019,Unknown
7034,28-08-2025,Relocation
36364,10-07-2025,Unknown
11917,14-11-2023,Relocation
38019,23-03-2019,Better Opportunity
24908,10-07-2024,Relocation
18400,23-01-2024,Better Opportunity
38292,25-01-2024,Relocation
6,21-12-2024,Retirement
10741,18-11-2020,Personal Reasons
3700,20-07-2025,Better Opportunity
34690,06-11-2017,Better Opportunity
28781,12-01-2020,Retirement
35302,06-07-2018,Personal Reasons
25405,05-02-2025,Relocation
26788,12-05-2022,Better Opportunity
18200,19-03-2025,Retirement
9026,06-12-2024,Retirement
9924,25-02-2021,Better Opportunity
6076,27-01-2022,Relocation
42549,02-06-2025,Unknown
22418,17-05-2020,Unknown
10708,02-02-2024,Retirement
9365,01-03-2022,Retirement
1339,15-11-2019,Unknown
19652,06-10-2025,Retirement
44085,03-08-2022,Personal Reasons
42438,30-11-2022,Unknown
30610,28-10-2024,Retirement
33121,26-07-2024,Personal Reasons
47023,29-12-2024,Better Opportunity
43144,31-07-2025,Retirement
35797,21-05-2024,Personal Reasons
3536,09-11-2021,Retirement
35638,26-04-2021,Unknown
4401,19-03-2024,Retirement
28112,07-06-2020,Retirement
8089,04-10-2021,Retirement
5066,30-08-2021,Better Opportunity
11995,13-07-2024,Unknown
283,10-07-2021,Personal Reasons
18372,14-04-2021,Relocation
32276,09-02-2024,Retirement
32059,13-07-2019,Relocation
48186,02-10-2025,Personal Reasons
33915,21-05-2025,Retirement
33935,29-07-2023,Personal Reasons
14981,31-01-2023,Better Opportunity
14583,28-07-2023,Relocation
11110,15-06-2021,Personal Reasons
12419,08-06-2024,Better Opportunity
41928,30-08-2020,Better Opportunity
1450,08-05-2024,Retirement
26786,01-07-2025,Relocation
4904,20-07-2024,Retirement
5267,10-09-2022,Relocation
38459,20-08-2024,Retirement
14537,20-02-2025,Better Opportunity
40907,20-06-2020,Better Opportunity
37541,13-02-2019,Better Opportunity
22790,06-07-2025,Unknown
46447,30-03-2025,Personal Reasons
26601,13-11-2024,Relocation
36452,31-05-2023,Retirement
46639,26-07-2024,Unknown
3178,06-05-2020,Relocation
32413,25-06-2021,Retirement
49294,11-08-2025,Better Opportunity
9872,02-10-2025,Unknown
2677,09-04-2023,Better Opportunity
24033,06-02-2024,Retirement
6808,12-07-2025,Relocation
15385,03-08-2025,Retirement
22136,13-12-2021,Better Opportunity
481,13-07-2023,Retirement
3127,21-05-2022,Personal Reasons
40204,28-11-2018,Better Opportunity
24297,10-01-2025,Unknown
40981,05-11-2024,Retirement
43015,19-07-2024,Retirement
32779,06-12-2022,Personal Reasons
1117,16-12-2017,Retirement
29302,25-08-2019,Unknown
34211,21-09-2023,Unknown
46692,23-02-2023,Retirement
43384,27-11-2024,Unknown
35183,05-04-2023,Retirement
411,29-03-2020,Retirement
30837,19-07-2025,Retirement
29521,06-03-2025,Better Opportunity
5009,27-08-2020,Personal Reasons
32336,07-10-2024,Retirement
34790,30-04-2018,Unknown
48908,15-06-2023,Personal Reasons
8047,21-03-2023,Better Opportunity
26229,06-06-2021,Unknown
18264,06-04-2023,Unknown
46111,17-05-2023,Relocation
476,13-10-2019,Personal Reasons
46340,16-11-2021,Relocation
17432,18-12-2018,Retirement
30205,05-02-2025,Unknown
28188,28-06-2022,Relocation
46707,03-09-2024,Unknown
22922,10-02-2024,Unknown
19833,22-09-2022,Relocation
47299,07-04-2023,Better Opportunity
27294,08-08-2025,Personal Reasons
36554,04-11-2021,Relocation
44959,06-03-2025,Unknown
40313,15-08-2021,Unknown
4079,24-10-2019,Relocation
18845,07-07-2022,Better Opportunity
47638,07-08-2022,Personal Reasons
19832,28-11-2023,Better Opportunity
20087,13-09-2025,Personal Reasons
35726,10-04-2023,Unknown
45367,27-05-2025,Retirement
18665,15-01-2025,Better Opportunity
19520,08-09-2024,Better Opportunity
9220,13-12-2024,Better Opportunity
20005,11-01-2021,Relocation
46336,17-03-2025,Personal Reasons
28993,23-06-2025,Personal Reasons
13958,08-07-2023,Retirement
15988,10-09-2016,Relocation
7273,20-08-2025,Retirement
25333,07-05-2025,Relocation
7864,25-06-2019,Relocation
13563,29-06-2024,Retirement
44266,14-02-2023,Relocation
46362,06-12-2018,Relocation
38591,15-01-2021,Better Opportunity
6135,31-08-2023,Retirement
45510,23-05-2025,Unknown
37323,09-05-2023,Better Opportunity
22663,30-03-2025,Better Opportunity
22932,11-09-2021,Better Opportunity
30535,05-08-2025,Unknown
25927,20-11-2024,Unknown
9818,01-02-2024,Retirement
34624,01-03-2025,Better Opportunity
24578,20-08-2022,Unknown
25050,20-07-2024,Retirement
17933,09-11-2024,Relocation
22161,21-10-2023,Unknown
26740,14-06-2025,Personal Reasons
35399,19-04-2025,Unknown
8304,01-08-2025,Personal Reasons
29953,18-06-2020,Retirement
13061,23-02-2023,Relocation
40857,18-03-2018,Unknown
22342,11-04-2025,Personal Reasons
22047,22-10-2024,Retirement
13989,04-12-2019,Better Opportunity
49016,06-08-2025,Unknown
6211,24-11-2024,Better Opportunity
14226,21-03-2024,Better Opportunity
13006,27-03-2022,Retirement
37196,25-11-2024,Unknown
49132,02-01-2023,Relocation
45726,13-10-2018,Unknown
32834,18-09-2025,Better Opportunity
8390,28-07-2023,Personal Reasons
31558,03-03-2023,Relocation
32125,18-12-2023,Retirement
40159,12-04-2022,Unknown
49451,17-02-2022,Retirement
36631,26-09-2025,Personal Reasons
10562,19-12-2022,Personal Reasons
5325,02-06-2024,Relocation
34500,08-06-2022,Personal Reasons
14804,01-06-2024,Unknown
9393,09-10-2022,Relocation
7033,31-07-2024,Retirement
34131,20-02-2025,Relocation
23793,18-02-2021,Better Opportunity
25395,13-04-2025,Unknown
29096,18-04-2021,Unknown
24001,31-01-2021,Personal Reasons
47069,02-07-2025,Better Opportunity
44828,04-04-2025,Personal Reasons
35476,06-04-2025,Personal Reasons
46653,02-10-2023,Unknown
31584,07-06-2023,Personal Reasons
40571,25-05-2025,Personal Reasons
41411,16-11-2022,Relocation
42631,02-12-2023,Unknown
10058,14-01-2021,Retirement
10312,20-12-2022,Personal Reasons
12593,03-01-2024,Retirement
21307,30-01-2025,Retirement
20186,26-06-2025,Personal Reasons
25300,01-11-2020,Relocation
12806,25-06-2024,Better Opportunity
42792,19-12-2023,Relocation
3109,19-01-2023,Relocation
16687,08-01-2024,Better Opportunity
6409,08-02-2018,Retirement
43977,27-04-2022,Relocation
20114,06-05-2019,Relocation
16608,10-07-2023,Unknown
16834,12-10-2023,Better Opportunity
48437,16-09-2024,Unknown
38912,04-06-2023,Retirement
41249,17-07-2018,Unknown
41051,09-10-2025,Better Opportunity
14710,02-07-2023,Better Opportunity
19786,26-12-2024,Retirement
28619,20-08-2025,Retirement
16658,02-11-2018,Relocation
32555,26-09-2021,Relocation
16485,26-10-2024,Unknown
27408,18-09-2024,Personal Reasons
5027,08-05-2025,Unknown
2044,05-08-2024,Better Opportunity
2742,12-02-2023,Better Opportunity
23148,27-07-2019,Relocation
1990,23-12-2016,Relocation
8500,11-01-2020,Relocation
44984,12-02-2024,Relocation
19690,14-05-2025,Retirement
34573,25-04-2023,Relocation
35795,31-03-2023,Retirement
19848,01-07-2019,Relocation
49125,03-08-2025,Retirement
21298,08-04-2021,Relocation
38169,03-03-2024,Personal Reasons
21381,12-05-2024,Relocation
44863,01-06-2025,Retirement
24951,26-06-2024,Retirement
20141,18-08-2020,Relocation
46811,18-11-2022,Better Opportunity
15876,25-10-2021,Relocation
41022,11-05-2025,Personal Reasons
26110,01-10-2022,Personal Reasons
6427,26-09-2025,Relocation
31325,23-02-2023,Relocation
24971,02-11-2020,Better Opportunity
743,29-07-2025,Personal Reasons
47816,05-05-2024,Unknown
18693,08-03-2022,Relocation
24640,07-09-2024,Better Opportunity
34085,08-12-2022,Retirement
493,07-02-2025,Better Opportunity
44400,21-10-2019,Retirement
44968,12-12-2024,Relocation
1116,05-05-2024,Personal Reasons
3299,13-12-2018,Better Opportunity
9542,01-06-2025,Retirement
30293,11-03-2023,Personal Reasons
34230,08-06-2017,Relocation
23554,10-03-2024,Unknown
1455,24-07-2025,Unknown
7118,16-04-2025,Better Opportunity
36821,07-09-2023,Unknown
13264,21-04-2025,Retirement
32274,31-08-2020,Relocation
5456,03-06-2024,Better Opportunity
4439,05-08-2022,Personal Reasons
33971,01-04-2023,Retirement
19989,12-02-2024,Unknown
28039,29-05-2025,Unknown
39185,04-06-2020,Relocation
36708,06-06-2020,Personal Reasons
6530,22-04-2025,Personal Reasons
3429,15-07-2025,Unknown
30434,08-10-2024,Retirement
40395,04-04-2022,Better Opportunity
37236,24-06-2023,Unknown
16889,10-10-2025,Better Opportunity
45740,31-08-2020,Better Opportunity
25666,02-11-2020,Better Opportunity
34183,14-11-2022,Better Opportunity
2049,22-01-2025,Better Opportunity
40808,13-09-2024,Retirement
4228,21-02-2024,Relocation
24741,24-09-2020,Relocation
41797,05-03-2025,Relocation
6091,27-01-2023,Unknown
44053,07-05-2023,Retirement
39416,17-06-2024,Better Opportunity
9920,16-06-2025,Retirement
40245,11-11-2020,Unknown
15326,15-08-2024,Retirement
17967,12-01-2023,Better Opportunity
36416,07-10-2024,Retirement
2720,20-04-2018,Personal Reasons
40843,15-11-2021,Personal Reasons
24999,31-05-2017,Personal Reasons
26724,08-09-2024,Personal Reasons
24834,06-08-2021,Unknown
5957,27-12-2020,Unknown
40239,25-05-2025,Personal Reasons
27268,15-05-2025,Personal Reasons
41641,12-07-2023,Unknown
44179,04-09-2023,Retirement
37819,30-12-2023,Better Opportunity
31528,25-03-2025,Better Opportunity
21856,16-10-2021,Unknown
42295,19-11-2022,Personal Reasons
4749,30-03-2024,Personal Reasons
30171,10-09-2025,Better Opportunity
20589,18-02-2024,Better Opportunity
3401,31-08-2024,Personal Reasons
18561,02-06-2022,Personal Reasons
41785,16-04-2016,Personal Reasons
2938,11-10-2025,Unknown
23373,30-06-2025,Personal Reasons
901,20-07-2023,Relocation
25506,14-12-2020,Better Opportunity
33137,25-02-2021,Relocation
44970,16-09-2025,Personal Reasons
1675,29-09-2025,Relocation
24785,13-07-2023,Relocation
7877,28-12-2024,Unknown
17214,22-01-2025,Personal Reasons
1861,16-07-2024,Unknown
43020,15-03-2025,Unknown
20646,17-06-2024,Relocation
20385,15-08-2022,Unknown
35370,27-10-2022,Personal Reasons
43629,26-05-2017,Personal Reasons
24782,10-01-2025,Relocation
45268,04-12-2023,Relocation
13551,29-06-2021,Better Opportunity
40043,10-09-2025,Unknown
32152,16-12-2022,Relocation
21681,04-06-2025,Retirement
28697,02-08-2024,Better Opportunity
5222,08-05-2025,Better Opportunity
36019,21-02-2022,Relocation
29340,25-06-2025,Personal Reasons
41554,09-11-2019,Better Opportunity
3918,25-05-2020,Retirement
43512,29-09-2023,Better Opportunity
37002,13-02-2019,Unknown
28921,20-10-2020,Unknown
29326,16-02-2025,Better Opportunity
8596,26-07-2025,Relocation
42716,09-06-2025,Personal Reasons
7831,21-04-2023,Retirement
32862,26-03-2020,Unknown
39514,28-10-2024,Retirement
16378,28-09-2025,Retirement
12065,13-11-2018,Personal Reasons
5615,29-06-2019,Relocation
37753,09-10-2024,Better Opportunity
40224,20-02-2024,Unknown
10397,17-06-2024,Relocation
35166,26-02-2023,Unknown
20070,09-02-2024,Better Opportunity
9177,06-07-2023,Retirement
1115,15-08-2023,Retirement
24514,30-01-2024,Retirement
7829,11-10-2023,Better Opportunity
33898,11-01-2025,Better Opportunity
35117,31-05-2025,Better Opportunity
19872,01-02-2022,Relocation
34031,23-08-2025,Unknown
41309,05-11-2017,Retirement
37495,16-09-2018,Better Opportunity
34193,28-08-2023,Better Opportunity
11325,14-09-2023,Better Opportunity
34274,24-08-2025,Retirement
49435,28-12-2024,Retirement
47579,08-11-2021,Unknown
10726,24-05-2020,Retirement
28581,20-08-2022,Retirement
42815,09-10-2025,Retirement
30754,17-03-2022,Retirement
13101,17-02-2025,Relocation
27348,10-05-2025,Personal Reasons
46427,11-09-2021,Retirement
33726,18-05-2025,Relocation
21654,23-05-2024,Relocation
2443,31-12-2022,Personal Reasons
32550,20-05-2023,Relocation
22557,07-08-2025,Personal Reasons
36668,30-12-2022,Relocation
32065,24-08-2016,Relocation
11139,30-09-2025,Unknown
37538,23-12-2021,Better Opportunity
12635,20-09-2025,Better Opportunity
11298,12-11-2024,Personal Reasons
2281,14-12-2022,Unknown
11083,12-09-2025,Relocation
11498,22-01-2022,Personal Reasons
1925,30-09-2025,Retirement
39849,11-04-2022,Retirement
40934,03-05-2025,Relocation
5569,05-09-2022,Better Opportunity
12221,11-05-2021,Relocation
30510,24-07-2025,Personal Reasons
42886,01-09-2022,Relocation
43635,17-03-2024,Better Opportunity
37961,05-09-2025,Personal Reasons
3260,18-06-2021,Unknown
33948,04-11-2024,Unknown
44974,30-12-2021,Relocation
14347,21-11-2017,Personal Reasons
12061,01-03-2021,Personal Reasons
9296,07-02-2025,Unknown
26105,12-04-2019,Relocation
6728,11-10-2025,Relocation
42628,02-10-2023,Better Opportunity
29979,11-09-2025,Retirement
7020,12-01-2020,Unknown
37811,12-10-2025,Retirement
4148,12-07-2024,Better Opportunity
41433,06-02-2020,Unknown
25431,03-07-2022,Relocation
41727,20-01-2023,Relocation
21012,29-03-2024,Retirement
31914,02-07-2022,Better Opportunity
4482,15-02-2018,Relocation
35309,24-01-2021,Unknown
32459,10-03-2024,Retirement
29838,14-08-2023,Retirement
9064,02-06-2021,Better Opportunity
8324,23-07-2023,Personal Reasons
6655,27-10-2022,Better Opportunity
24828,08-03-2025,Better Opportunity
9942,13-07-2022,Relocation
19285,18-03-2024,Personal Reasons
6381,30-09-2022,Retirement
25521,11-08-2022,Better Opportunity
17118,31-10-2020,Relocation
8702,21-07-2019,Better Opportunity
27648,27-06-2025,Retirement
5689,25-05-2019,Personal Reasons
33849,24-09-2025,Better Opportunity
5581,24-06-2023,Retirement
28263,26-10-2018,Unknown
6471,05-05-2025,Unknown
32428,21-12-2023,Relocation
38618,27-04-2020,Retirement
48208,13-10-2024,Relocation
49433,05-09-2019,Relocation
11124,28-04-2021,Better Opportunity
34442,25-03-2019,Better Opportunity
31630,20-01-2019,Personal Reasons
30318,01-09-2021,Unknown
32614,07-02-2024,Unknown
22660,02-06-2025,Unknown
3711,23-01-2025,Retirement
10183,20-09-2024,Personal Reasons
3560,13-09-2024,Unknown
14510,03-11-2023,Unknown
1785,29-12-2024,Relocation
19631,30-04-2025,Better Opportunity
27195,06-10-2025,Personal Reasons
45067,17-10-2022,Better Opportunity
39943,21-06-2024,Retirement
18906,19-08-2025,Unknown
44045,29-06-2024,Unknown
13855,01-03-2024,Retirement
34143,27-11-2024,Retirement
6158,12-02-2022,Personal Reasons
45230,17-04-2024,Better Opportunity
11526,27-12-2024,Retirement
36688,28-07-2018,Unknown
49890,19-09-2025,Relocation
9888,25-12-2020,Personal Reasons
35371,16-05-2020,Personal Reasons
7553,10-11-2023,Personal Reasons
14385,19-08-2025,Relocation
15187,14-05-2023,Unknown
19688,14-03-2020,Unknown
16543,19-12-2019,Relocation
38732,04-01-2022,Unknown
43671,21-03-2024,Retirement
2639,24-10-2018,Relocation
23895,09-05-2023,Better Opportunity
44649,27-07-2025,Unknown
11542,12-07-2025,Unknown
10297,20-05-2023,Retirement
8333,14-09-2025,Retirement
36499,12-04-2022,Better Opportunity
36493,01-06-2024,Unknown
1519,29-01-2025,Relocation
3917,07-10-2021,Unknown
22133,27-11-2022,Relocation
9184,05-08-2025,Unknown
1877,23-09-2021,Personal Reasons
26835,08-04-2018,Retirement
37762,24-07-2022,Personal Reasons
49881,04-01-2024,Personal Reasons
19125,12-10-2023,Retirement
26187,30-10-2023,Better Opportunity
4632,09-08-2018,Better Opportunity
17084,27-08-2025,Relocation
46855,19-04-2022,Better Opportunity
38800,12-01-2025,Personal Reasons
16776,01-11-2024,Personal Reasons
49541,03-10-2024,Better Opportunity
39140,09-01-2023,Unknown
23838,26-12-2024,Better Opportunity
17531,16-09-2024,Personal Reasons
18722,05-02-2023,Retirement
45777,26-01-2024,Relocation
7062,05-08-2020,Better Opportunity
2923,13-08-2024,Unknown
41288,21-09-2025,Personal Reasons
7109,01-09-2025,Relocation
16463,27-07-2024,Better Opportunity
7069,29-07-2023,Personal Reasons
17998,15-01-2024,Better Opportunity
31994,24-02-2018,Personal Reasons
39402,01-02-2024,Unknown
24598,15-06-2025,Personal Reasons
38626,09-03-2023,Unknown
38839,15-08-2025,Unknown
26631,11-03-2020,Better Opportunity
27504,08-01-2025,Personal Reasons
1827,19-09-2022,Unknown
30547,09-03-2022,Retirement
46223,23-09-2023,Personal Reasons
8622,24-01-2025,Unknown
26023,24-04-2025,Better Opportunity
43532,01-07-2021,Retirement
8093,20-07-2024,Relocation
1510,07-11-2020,Unknown
5666,24-05-2020,Retirement
16021,18-03-2025,Unknown
24921,22-06-2025,Relocation
37459,04-12-2024,Personal Reasons
35999,06-10-2020,Personal Reasons
42559,02-09-2025,Unknown
41076,30-05-2024,Unknown
30807,28-06-2021,Unknown
45564,08-10-2025,Better Opportunity
11555,08-12-2023,Retirement
28077,13-07-2025,Retirement
36270,11-05-2018,Personal Reasons
36880,01-04-2025,Relocation
42428,17-06-2019,Unknown
1212,06-11-2024,Better Opportunity
15097,22-03-2025,Unknown
29260,29-04-2024,Personal Reasons
25822,08-07-2024,Retirement
3936,21-09-2022,Better Opportunity
756,25-06-2025,Personal Reasons
22999,12-11-2022,Relocation
16864,14-07-2024,Relocation
7263,28-07-2025,Personal Reasons
11867,03-07-2025,Personal Reasons
5912,22-10-2021,Relocation
43843,22-01-2025,Relocation
4645,08-10-2025,Unknown
43209,08-12-2018,Relocation
39125,19-02-2024,Retirement
3846,16-11-2022,Personal Reasons
18097,30-09-2023,Personal Reasons
21498,06-06-2019,Better Opportunity
6100,03-08-2025,Personal Reasons
43640,22-07-2025,Personal Reasons
42534,10-05-2024,Personal Reasons
35776,26-02-2024,Relocation
3485,17-03-2024,Relocation
20838,25-09-2025,Relocation
11003,15-01-2024,Personal Reasons
47276,27-05-2025,Relocation
43198,30-11-2022,Retirement
36148,30-06-2022,Relocation
24804,30-06-2023,Personal Reasons
46735,24-07-2024,Retirement
24317,17-01-2023,Personal Reasons
27768,05-04-2018,Retirement
20544,13-12-2024,Unknown
48517,02-02-2025,Relocation
29162,14-02-2025,Retirement
23583,23-05-2025,Better Opportunity
46043,12-11-2020,Personal Reasons
22568,12-10-2025,Retirement
41883,15-09-2025,Retirement
27967,15-02-2025,Better Opportunity
9639,07-04-2024,Personal Reasons
47337,23-02-2024,Unknown
5448,09-02-2023,Personal Reasons
33191,06-05-2025,Relocation
7094,20-07-2022,Retirement
2907,26-09-2019,Retirement
3296,25-06-2020,Better Opportunity
31117,02-08-2020,Personal Reasons
7131,04-01-2025,Better Opportunity
25991,27-08-2025,Better Opportunity
23966,07-07-2020,Relocation
998,12-08-2025,Personal Reasons
31640,17-02-2023,Unknown
17267,04-12-2024,Better Opportunity
49039,16-10-2022,Relocation
7870,21-06-2022,Unknown
48304,01-10-2024,Retirement
40194,31-05-2025,Better Opportunity
43058,21-12-2024,Better Opportunity
3819,21-02-2021,Retirement
22143,01-08-2023,Relocation
47354,09-11-2022,Personal Reasons
1375,30-09-2024,Retirement
28081,08-03-2023,Personal Reasons
21179,05-01-2025,Better Opportunity
39115,28-09-2024,Retirement
33469,23-08-2020,Retirement
38437,16-06-2024,Retirement
8649,24-03-2025,Unknown
37429,08-12-2020,Relocation
41262,17-10-2021,Unknown
41588,18-07-2020,Relocation
9590,30-03-2025,Retirement
4741,24-06-2023,Relocation
41049,25-01-2025,Better Opportunity
28387,22-05-2025,Relocation
16296,25-03-2022,Personal Reasons
19136,27-09-2024,Relocation
22716,06-07-2023,Personal Reasons
11346,06-11-2024,Retirement
30687,04-02-2024,Personal Reasons
43555,20-10-2022,Retirement
22542,02-08-2025,Relocation
11377,28-05-2023,Retirement
31998,26-01-2024,Relocation
23488,06-12-2024,Relocation
35789,08-07-2021,Relocation
37745,13-08-2021,Better Opportunity
43466,21-01-2025,Unknown
6449,19-10-2023,Unknown
27786,04-09-2022,Relocation
27630,26-12-2024,Personal Reasons
4386,10-04-2025,Retirement
16841,20-07-2024,Retirement
20875,16-05-2022,Relocation
42796,09-02-2025,Retirement
9791,25-04-2024,Personal Reasons
34928,06-07-2025,Better Opportunity
10292,26-09-2022,Better Opportunity
35000,20-07-2023,Unknown
12329,04-04-2025,Retirement
26623,13-09-2021,Relocation
34589,10-04-2023,Personal Reasons
40306,29-09-2025,Better Opportunity
11762,31-07-2024,Unknown
22269,30-06-2025,Retirement
8111,24-11-2023,Better Opportunity
3971,04-05-2025,Better Opportunity
5154,20-09-2025,Relocation
9911,20-02-2023,Retirement
9981,15-01-2020,Better Opportunity
45599,30-09-2019,Unknown
15057,29-10-2022,Personal Reasons
34686,25-02-2020,Better Opportunity
49331,26-09-2022,Relocation
36961,05-03-2020,Relocation
10131,31-03-2024,Unknown
2259,07-05-2021,Relocation
1703,12-01-2024,Retirement
22470,07-09-2025,Unknown
7108,08-07-2023,Personal Reasons
36923,01-06-2025,Relocation
22812,02-08-2023,Better Opportunity
48267,20-09-2025,Better Opportunity
36766,30-11-2023,Unknown
45572,19-02-2019,Unknown
19341,01-05-2022,Relocation
22057,25-02-2025,Better Opportunity
20645,06-06-2025,Retirement
37910,03-08-2023,Relocation
7171,10-07-2019,Relocation
14552,11-04-2025,Relocation
45054,01-03-2018,Relocation
48076,18-04-2022,Better Opportunity
35648,11-05-2018,Retirement
6021,24-12-2024,Personal Reasons
30347,17-07-2023,Better Opportunity
10319,18-05-2017,Relocation
3626,11-02-2022,Unknown
37862,03-06-2025,Unknown
35933,19-02-2024,Personal Reasons
31903,15-05-2022,Relocation
374,13-12-2018,Retirement
15386,23-02-2024,Personal Reasons
27184,29-05-2021,Better Opportunity
17737,11-12-2020,Relocation
32604,23-04-2022,Better Opportunity
20404,02-09-2021,Personal Reasons
31479,19-07-2024,Personal Reasons
39884,19-11-2022,Unknown
16708,04-11-2023,Unknown
18895,15-08-2025,Retirement
39091,12-01-2025,Unknown
45244,14-12-2023,Relocation
32544,21-07-2024,Personal Reasons
2759,04-10-2023,Personal Reasons
1770,22-05-2021,Retirement
13387,30-01-2025,Retirement
22473,07-10-2025,Better Opportunity
48759,01-11-2022,Personal Reasons
4027,06-06-2025,Unknown
30320,05-10-2023,Relocation
40838,10-06-2025,Unknown
17341,16-12-2022,Unknown
44484,04-08-2024,Unknown
14647,28-07-2019,Retirement
37879,08-07-2024,Retirement
16469,01-12-2020,Better Opportunity
36120,03-10-2025,Better Opportunity
33700,02-01-2025,Relocation
33727,22-08-2022,Retirement
24428,03-07-2021,Better Opportunity
149,23-06-2023,Personal Reasons
31537,16-09-2024,Relocation
48103,19-09-2016,Unknown
37614,26-10-2020,Retirement
9647,12-01-2024,Better Opportunity
30820,25-07-2023,Retirement
24713,03-01-2025,Unknown
23342,20-04-2024,Relocation
37175,02-09-2025,Relocation
26128,11-03-2025,Relocation
39744,11-09-2024,Better Opportunity
18442,08-04-2025,Personal Reasons
34502,23-09-2023,Personal Reasons
27784,26-08-2024,Better Opportunity
32751,29-06-2023,Personal Reasons
49047,20-08-2022,Personal Reasons
44151,08-08-2025,Personal Reasons
15406,01-10-2023,Personal Reasons
39638,14-01-2024,Better Opportunity
34153,23-12-2024,Unknown
43623,24-06-2023,Better Opportunity
22784,01-07-2025,Relocation
35851,01-10-2020,Better Opportunity
22904,13-11-2023,Better Opportunity
31596,11-03-2022,Retirement
18297,19-07-2025,Retirement
31703,30-09-2023,Unknown
5030,12-02-2025,Personal Reasons
3214,21-06-2020,Retirement
29595,14-03-2025,Better Opportunity
10866,04-09-2023,Retirement
20150,12-06-2021,Retirement
44516,27-11-2021,Personal Reasons
48650,03-10-2023,Better Opportunity
39413,14-01-2020,Personal Reasons
7945,28-09-2024,Personal Reasons
19024,17-04-2025,Retirement
23985,17-12-2019,Relocation
18161,01-08-2023,Relocation
40529,10-10-2025,Personal Reasons
25530,05-10-2017,Retirement
49099,31-03-2024,Unknown
30016,01-02-2025,Relocation
49214,21-04-2018,Unknown
3049,10-02-2023,Personal Reasons
24004,15-08-2023,Personal Reasons
12181,19-08-2025,Relocation
5444,22-09-2020,Retirement
6731,22-04-2025,Retirement
1209,08-12-2024,Relocation
34478,01-05-2024,Better Opportunity
12776,29-08-2023,Personal Reasons
1738,16-08-2020,Relocation
5578,13-07-2024,Retirement
41565,09-11-2022,Better Opportunity
45417,28-03-2021,Personal Reasons
12992,19-08-2023,Personal Reasons
98,08-09-2022,Better Opportunity
32855,15-09-2025,Better Opportunity
21782,24-10-2018,Unknown
15843,01-10-2024,Unknown
43539,09-09-2024,Retirement
43995,22-06-2025,Personal Reasons
6176,30-12-2023,Better Opportunity
12154,14-09-2025,Relocation
21588,18-09-2025,Better Opportunity
25003,06-07-2020,Retirement
22900,16-04-2025,Personal Reasons
137,12-03-2025,Relocation
35289,10-02-2018,Unknown
18946,19-07-2023,Better Opportunity
33681,15-10-2023,Retirement
39805,14-09-2025,Personal Reasons
32809,22-05-2023,Better Opportunity
27670,06-07-2025,Unknown
19299,22-07-2025,Better Opportunity
32406,17-03-2024,Personal Reasons
16246,28-12-2023,Better Opportunity
12999,21-11-2024,Retirement
8123,21-11-2023,Relocation
36710,16-01-2024,Relocation
6229,23-07-2022,Better Opportunity
12050,28-04-2024,Personal Reasons
10377,14-03-2021,Personal Reasons
35522,13-07-2018,Unknown
9101,16-07-2022,Unknown
4070,17-11-2022,Unknown
36601,07-02-2025,Better Opportunity
23152,24-09-2022,Relocation
45485,21-08-2017,Unknown
21830,31-01-2025,Retirement
286,23-05-2024,Better Opportunity
9135,03-06-2018,Unknown
33999,06-10-2025,Relocation
38099,10-01-2024,Relocation
16338,01-06-2025,Personal Reasons
27590,09-08-2025,Unknown
2599,15-04-2025,Personal Reasons
19292,03-05-2025,Relocation
49789,11-12-2020,Unknown
4830,12-08-2022,Personal Reasons
7368,22-05-2021,Personal Reasons
10600,12-03-2023,Retirement
43492,05-06-2025,Better Opportunity
2084,18-08-2019,Better Opportunity
47820,11-03-2022,Retirement
35298,02-06-2022,Personal Reasons
8928,12-02-2022,Personal Reasons
47532,21-06-2022,Relocation
21536,14-02-2020,Unknown
13709,10-01-2025,Personal Reasons
4508,07-01-2024,Unknown
14230,12-06-2024,Better Opportunity
36391,02-07-2024,Unknown
33100,04-06-2022,Unknown
12619,17-09-2020,Relocation
4170,17-12-2023,Relocation
27646,03-04-2024,Unknown
26754,27-05-2025,Retirement
24245,29-11-2020,Unknown
6127,07-09-2021,Retirement
33739,10-06-2023,Personal Reasons
613,23-02-2025,Personal Reasons
31189,11-11-2021,Better Opportunity
4670,11-04-2022,Relocation
23653,10-08-2025,Retirement
48809,04-09-2025,Relocation
5301,18-11-2024,Retirement
7579,13-11-2023,Better Opportunity
48955,27-02-2025,Relocation
3261,26-11-2024,Better Opportunity
46407,08-08-2019,Unknown
10752,23-01-2023,Better Opportunity
44176,20-08-2023,Better Opportunity
1104,22-06-2025,Retirement
3478,14-03-2022,Retirement
49020,07-10-2018,Retirement
30918,21-11-2023,Retirement
36085,29-06-2024,Personal Reasons
140,13-03-2025,Personal Reasons
27425,08-10-2025,Personal Reasons
43536,26-06-2022,Better Opportunity
6989,05-01-2025,Relocation
43159,10-07-2022,Unknown
4910,30-03-2022,Unknown
17888,08-02-2021,Better Opportunity
19453,03-11-2023,Better Opportunity
27317,28-09-2022,Unknown
2421,27-06-2020,Retirement
17959,03-06-2020,Relocation
8807,26-04-2024,Personal Reasons
3619,21-04-2025,Better Opportunity
42708,26-06-2022,Unknown
44007,24-05-2025,Relocation
29284,28-01-2022,Unknown
26498,01-10-2025,Relocation
37199,21-12-2024,Unknown
11619,05-03-2022,Personal Reasons
15370,13-03-2024,Personal Reasons
19770,10-01-2023,Personal Reasons
13070,21-09-2025,Retirement
2025,02-05-2025,Retirement
22895,13-11-2024,Unknown
521,22-07-2020,Unknown
43765,22-03-2025,Relocation
23538,22-10-2021,Retirement
11695,10-11-2022,Relocation
22345,15-03-2023,Better Opportunity
20701,15-09-2019,Better Opportunity
30241,14-01-2025,Unknown
36632,14-12-2018,Retirement
29280,23-04-2021,Personal Reasons
9018,09-03-2019,Better Opportunity
30762,30-05-2022,Personal Reasons
2962,12-08-2024,Better Opportunity
19510,07-10-2025,Unknown
1865,02-09-2025,Unknown
38353,28-12-2023,Unknown
25534,28-12-2020,Relocation
34797,10-04-2021,Relocation
35953,20-07-2025,Unknown
37496,04-05-2025,Better Opportunity
26963,21-11-2023,Relocation
37709,10-03-2023,Unknown
5130,31-12-2024,Unknown
7285,18-08-2025,Relocation
25035,08-07-2025,Relocation
3857,29-03-2022,Relocation
18806,18-11-2020,Relocation
23023,16-04-2023,Retirement
48225,03-10-2024,Better Opportunity
18773,08-09-2024,Retirement
33942,13-09-2018,Personal Reasons
17736,27-01-2019,Better Opportunity
44381,26-10-2023,Unknown
8991,12-12-2018,Retirement
17911,14-02-2020,Unknown
774,28-11-2024,Relocation
11454,03-06-2025,Retirement
20804,08-09-2025,Unknown
22702,21-03-2023,Personal Reasons
13398,18-09-2022,Retirement
29447,28-03-2022,Unknown
15447,02-01-2025,Personal Reasons
23692,14-08-2025,Better Opportunity
18967,30-11-2024,Relocation
23862,08-07-2025,Better Opportunity
3769,12-06-2025,Personal Reasons
67,08-11-2024,Unknown
2808,08-07-2017,Better Opportunity
9357,14-07-2025,Retirement
668,05-11-2024,Relocation
2418,14-06-2021,Relocation
22243,25-09-2025,Relocation
35119,19-05-2024,Unknown
21122,27-03-2020,Relocation
3562,05-05-2024,Unknown
32948,11-04-2024,Relocation
49800,01-01-2023,Unknown
22015,06-10-2024,Relocation
29479,06-05-2024,Relocation
29780,27-03-2024,Better Opportunity
26106,19-04-2021,Relocation
809,29-01-2024,Personal Reasons
26829,09-12-2022,Retirement
4626,28-06-2025,Better Opportunity
32651,05-07-2024,Personal Reasons
21119,14-02-2019,Better Opportunity
3379,23-04-2018,Unknown
26211,03-08-2021,Relocation
8775,04-07-2017,Relocation
41528,09-06-2025,Relocation
39287,23-08-2018,Personal Reasons
14525,17-04-2024,Better Opportunity
43851,16-08-2025,Better Opportunity
42286,04-10-2022,Relocation
49078,14-02-2022,Relocation
2358,04-10-2025,Better Opportunity
45807,06-09-2020,Better Opportunity
4015,05-10-2020,Personal Reasons
24662,31-07-2019,Relocation
13486,10-08-2017,Retirement
32679,10-03-2024,Relocation
45039,07-12-2023,Unknown
17997,01-01-2025,Retirement
47495,23-10-2023,Retirement
22827,21-02-2025,Personal Reasons
32659,19-01-2024,Better Opportunity
27401,16-10-2022,Relocation
4764,12-01-2021,Unknown
11166,20-10-2021,Personal Reasons
10046,09-12-2016,Retirement
24321,02-08-2019,Relocation
24540,18-08-2024,Retirement
29977,19-01-2025,Unknown
3439,30-03-2020,Relocation
42421,17-02-2025,Relocation
44997,22-06-2024,Relocation
26232,04-01-2023,Personal Reasons
6034,29-08-2017,Unknown
22298,08-08-2022,Personal Reasons
48384,17-07-2025,Relocation
17321,26-09-2023,Relocation
19587,31-10-2023,Better Opportunity
2398,15-09-2025,Relocation
48920,02-01-2023,Retirement
10775,11-08-2022,Retirement
10557,07-12-2023,Personal Reasons
9107,20-03-2025,Personal Reasons
28463,21-08-2025,Better Opportunity
7286,27-10-2018,Personal Reasons
13671,04-03-2020,Relocation
8784,07-04-2024,Retirement
2516,19-06-2024,Better Opportunity
9547,28-07-2025,Retirement
32635,02-03-2025,Unknown
13745,25-07-2025,Retirement
40411,04-04-2023,Personal Reasons
27827,14-01-2024,Relocation
25151,14-09-2025,Better Opportunity
14245,25-11-2020,Unknown
4366,17-07-2025,Relocation
14872,28-04-2025,Better Opportunity
6178,14-01-2025,Relocation
31757,05-07-2025,Unknown
3289,09-12-2018,Personal Reasons
491,16-07-2020,Retirement
24928,12-04-2025,Relocation
12227,20-09-2020,Unknown
13012,14-03-2021,Unknown
30135,05-04-2022,Personal Reasons
47248,18-01-2025,Relocation
1353,07-04-2023,Unknown
24369,28-10-2024,Better Opportunity
37330,07-12-2021,Unknown
7921,27-04-2022,Unknown
17042,22-08-2024,Unknown
7362,26-08-2025,Unknown
6719,05-11-2023,Retirement
14697,12-10-2024,Unknown
31825,26-11-2017,Personal Reasons
33836,18-08-2024,Unknown
2870,08-10-2025,Better Opportunity
23854,22-05-2021,Relocation
6331,27-01-2021,Personal Reasons
30561,02-07-2025,Retirement
22458,12-04-2018,Retirement
13079,28-07-2025,Relocation
33033,27-03-2023,Better Opportunity
37267,17-02-2019,Better Opportunity
37723,07-03-2025,Better Opportunity
31643,13-07-2021,Retirement
592,27-06-2017,Unknown
423,10-05-2024,Relocation
5344,21-04-2023,Personal Reasons
35114,21-03-2025,Unknown
11196,13-06-2021,Personal Reasons
14546,06-06-2023,Relocation
18438,23-06-2023,Personal Reasons
43422,14-09-2023,Relocation
38341,11-07-2025,Retirement
22719,14-06-2025,Unknown
31799,30-11-2022,Better Opportunity
6780,09-06-2025,Better Opportunity
27824,11-05-2025,Better Opportunity
34094,26-07-2025,Unknown
14769,31-05-2022,Relocation
11211,28-04-2019,Personal Reasons
36018,09-07-2024,Personal Reasons
13120,24-02-2024,Better Opportunity
43618,12-07-2019,Better Opportunity
21060,04-01-2021,Better Opportunity
44344,05-02-2023,Personal Reasons
7641,23-01-2025,Unknown
30831,18-09-2025,Personal Reasons
21967,04-03-2025,Unknown
31724,04-02-2023,Better Opportunity
3877,30-12-2021,Unknown
39711,17-11-2020,Personal Reasons
3558,31-12-2024,Better Opportunity
28032,14-07-2022,Personal Reasons
23788,20-09-2023,Unknown
14598,01-05-2025,Better Opportunity
21810,03-02-2025,Better Opportunity
33397,24-08-2024,Unknown
44511,01-09-2017,Personal Reasons
12035,15-03-2025,Personal Reasons
46166,25-09-2025,Retirement
23625,09-10-2019,Relocation
19875,07-07-2025,Relocation
36826,05-11-2020,Relocation
28472,04-05-2023,Retirement
40580,08-11-2022,Relocation
13432,28-10-2024,Retirement
23357,22-01-2024,Retirement
12511,10-10-2021,Relocation
34895,02-06-2024,Personal Reasons
48453,19-09-2022,Better Opportunity
21479,19-09-2024,Retirement
13412,09-04-2025,Retirement
28542,19-05-2020,Unknown
37352,03-01-2024,Relocation
33961,16-06-2025,Retirement
7649,01-12-2022,Relocation
23036,05-10-2022,Unknown
42483,07-08-2018,Relocation
45273,06-03-2025,Better Opportunity
31006,17-03-2023,Unknown
1067,07-02-2019,Retirement
47707,09-12-2021,Retirement
34848,03-06-2020,Better Opportunity
3107,05-04-2023,Retirement
28762,23-12-2024,Relocation
28438,27-05-2024,Retirement
46360,25-05-2025,Retirement
34632,20-05-2024,Better Opportunity
17208,20-04-2021,Personal Reasons
7190,24-03-2021,Unknown
11452,28-06-2024,Relocation
12471,01-06-2018,Personal Reasons
8289,25-07-2021,Unknown
46498,25-08-2025,Personal Reasons
36420,08-04-2019,Unknown
35946,12-09-2017,Unknown
28693,24-10-2022,Retirement
16703,12-11-2023,Unknown
45820,01-09-2025,Retirement
42877,30-06-2025,Relocation
32372,06-04-2019,Retirement
32325,08-05-2020,Unknown
27432,22-11-2023,Retirement
30616,30-06-2021,Retirement
24989,28-11-2022,Personal Reasons
24672,03-07-2020,Relocation
14303,18-11-2023,Better Opportunity
6706,16-07-2021,Unknown
35599,10-11-2020,Better Opportunity
10456,29-09-2024,Personal Reasons
28072,09-07-2024,Unknown
21461,01-08-2024,Relocation
30668,01-06-2024,Personal Reasons
28402,07-07-2023,Personal Reasons
30373,01-02-2020,Personal Reasons
33908,19-08-2023,Relocation
3784,19-08-2022,Personal Reasons
10035,25-06-2020,Unknown
215,28-09-2023,Retirement
6824,20-02-2024,Relocation
40157,03-01-2024,Better Opportunity
18683,10-04-2025,Better Opportunity
6260,13-05-2025,Retirement
2707,05-05-2019,Better Opportunity
49919,17-08-2025,Unknown
38214,08-07-2022,Unknown
17963,21-03-2021,Better Opportunity
38097,24-07-2023,Personal Reasons
45098,04-09-2025,Better Opportunity
18327,16-05-2019,Retirement
28715,11-11-2023,Unknown
41607,19-12-2024,Personal Reasons
23603,06-09-2025,Better Opportunity
1584,23-03-2025,Better Opportunity
4203,20-12-2021,Retirement
6683,08-01-2023,Personal Reasons
27810,09-12-2024,Better Opportunity
23912,05-09-2022,Unknown
18626,18-02-2020,Personal Reasons
5721,29-04-2018,Retirement
47257,28-02-2022,Better Opportunity
44790,09-03-2022,Better Opportunity
49485,08-11-2018,Better Opportunity
35284,09-10-2018,Better Opportunity
10647,25-10-2024,Personal Reasons
49879,11-01-2022,Unknown
41831,06-10-2025,Unknown
24671,22-06-2025,Retirement
35985,15-04-2025,Personal Reasons
22468,21-02-2021,Better Opportunity
22852,28-09-2024,Relocation
28454,08-03-2025,Unknown
19745,26-08-2022,Better Opportunity
14038,10-06-2024,Unknown
6328,10-11-2024,Better Opportunity
41808,08-05-2022,Relocation
970,12-10-2025,Unknown
7396,16-07-2025,Better Opportunity
9767,13-09-2025,Personal Reasons
48278,06-08-2025,Better Opportunity
5396,29-06-2024,Personal Reasons
45382,15-05-2025,Personal Reasons
13670,04-01-2024,Unknown
33674,08-10-2025,Unknown
1207,02-10-2025,Unknown
12538,26-04-2023,Retirement
17960,01-06-2019,Unknown
2615,28-08-2025,Relocation
27305,28-04-2019,Relocation
43394,08-03-2018,Relocation
19102,02-07-2021,Relocation
18960,23-10-2018,Relocation
27682,28-08-2023,Relocation
4591,13-08-2024,Retirement
8717,04-05-2021,Relocation
8268,23-09-2024,Better Opportunity
15365,30-06-2024,Relocation
35741,09-03-2018,Retirement
41673,14-05-2025,Relocation
30277,10-05-2019,Better Opportunity
46367,23-06-2023,Unknown
39363,23-04-2024,Better Opportunity
17074,28-04-2020,Personal Reasons
787,28-08-2025,Relocation
22533,06-07-2024,Unknown
17695,17-08-2023,Personal Reasons
34439,08-12-2024,Personal Reasons
29666,17-02-2024,Retirement
9757,27-11-2022,Relocation
2020,22-07-2025,Personal Reasons
39175,08-05-2017,Relocation
41509,16-06-2024,Unknown
41687,24-09-2025,Unknown
9531,08-02-2018,Relocation
10897,12-10-2025,Better Opportunity
25184,22-07-2023,Better Opportunity
44585,17-09-2019,Retirement
9912,08-04-2025,Retirement
18466,21-11-2024,Better Opportunity
35586,06-09-2021,Retirement
39935,06-12-2021,Unknown
28707,22-11-2019,Personal Reasons
17853,19-01-2025,Personal Reasons
36993,06-12-2022,Retirement
46893,06-02-2020,Unknown
3094,03-07-2022,Unknown
19368,04-05-2025,Retirement
9758,09-09-2025,Better Opportunity
42160,07-09-2021,Better Opportunity
36953,13-07-2023,Better Opportunity
1063,07-08-2022,Relocation
33051,02-03-2019,Personal Reasons
1055,01-06-2023,Retirement
39726,30-12-2020,Better Opportunity
1952,14-09-2025,Personal Reasons
22362,30-07-2022,Better Opportunity
19078,26-08-2019,Retirement
29087,06-10-2025,Relocation
46192,01-06-2023,Better Opportunity
912,09-08-2023,Retirement
46272,29-05-2025,Better Opportunity
23533,29-04-2025,Better Opportunity
49301,03-03-2024,Unknown
10638,19-06-2025,Relocation
31719,27-01-2021,Unknown
3872,21-06-2022,Better Opportunity
42156,21-10-2024,Better Opportunity
7360,01-05-2025,Relocation
22566,20-02-2019,Personal Reasons
46041,10-06-2025,Unknown
27227,25-02-2025,Retirement
18532,30-08-2025,Retirement
45252,28-01-2023,Personal Reasons
21818,05-09-2025,Better Opportunity
28867,16-06-2022,Personal Reasons
20249,18-05-2025,Unknown
46202,30-09-2025,Personal Reasons
28728,10-03-2021,Personal Reasons
26512,10-04-2021,Better Opportunity
6249,16-02-2023,Retirement
35286,27-11-2021,Personal Reasons
45043,30-12-2024,Retirement
3780,27-11-2021,Relocation
4568,28-05-2024,Unknown
29233,20-09-2023,Retirement
45033,01-09-2025,Unknown
41263,09-06-2024,Retirement
47730,10-08-2024,Relocation
7703,01-11-2019,Personal Reasons
26064,05-10-2025,Retirement
42626,22-07-2022,Retirement
29204,12-07-2021,Relocation
253,31-12-2024,Retirement
12899,26-05-2024,Unknown
30342,15-08-2022,Unknown
19431,18-03-2020,Unknown
24790,26-01-2025,Relocation
22780,09-01-2023,Better Opportunity
11056,20-10-2018,Relocation
45364,09-12-2022,Relocation
45908,01-05-2018,Personal Reasons
44587,06-11-2021,Unknown
5341,29-08-2025,Retirement
27608,07-12-2018,Personal Reasons
28185,22-12-2022,Better Opportunity
32512,27-09-2025,Unknown
12843,06-10-2022,Better Opportunity
34227,22-04-2025,Better Opportunity
36856,08-09-2024,Better Opportunity
41180,08-12-2019,Unknown
48868,19-06-2025,Better Opportunity
3218,22-07-2025,Relocation
29066,08-10-2025,Personal Reasons
4316,03-08-2019,Better Opportunity
46099,28-06-2022,Relocation
19922,06-10-2025,Personal Reasons
36522,30-07-2023,Personal Reasons
42315,20-06-2023,Unknown
22454,22-08-2023,Unknown
15794,31-05-2018,Relocation
14241,02-02-2023,Unknown
6682,07-08-2020,Retirement
7025,04-02-2024,Better Opportunity
34852,08-08-2022,Unknown
46869,26-01-2024,Better Opportunity
21121,23-09-2022,Better Opportunity
48547,19-11-2019,Relocation
2701,04-09-2020,Personal Reasons
40076,22-05-2025,Retirement
22180,01-12-2022,Personal Reasons
45111,11-09-2025,Unknown
22069,27-03-2025,Relocation
3910,11-08-2025,Relocation
18616,06-10-2025,Retirement
8640,04-02-2024,Retirement
6933,26-10-2022,Retirement
42655,19-09-2022,Personal Reasons
31618,01-12-2024,Personal Reasons
49412,22-04-2025,Relocation
5653,30-09-2025,Personal Reasons
15245,18-07-2024,Retirement
26769,20-06-2023,Unknown
20291,14-04-2025,Retirement
18302,17-02-2025,Retirement
34566,09-02-2025,Personal Reasons
4701,19-06-2019,Retirement
38087,19-08-2025,Retirement
7430,09-04-2020,Retirement
16098,10-05-2025,Personal Reasons
5072,06-02-2025,Better Opportunity
18874,17-07-2024,Retirement
36922,02-03-2019,Retirement
25700,08-02-2024,Retirement
26696,18-07-2024,Better Opportunity
8772,15-06-2025,Unknown
22384,17-04-2025,Better Opportunity
8801,23-02-2025,Personal Reasons
18668,10-04-2024,Personal Reasons
33639,12-10-2025,Relocation
35782,16-04-2025,Relocation
37773,10-09-2021,Retirement
12731,09-04-2021,Better Opportunity
22348,01-06-2021,Better Opportunity
27719,26-01-2024,Better Opportunity
44034,05-10-2025,Personal Reasons
38158,23-07-2025,Personal Reasons
42099,07-08-2020,Better Opportunity
22397,22-09-2022,Personal Reasons
25256,21-09-2024,Better Opportunity
42152,01-09-2024,Unknown
44754,16-07-2025,Personal Reasons
7895,17-12-2023,Retirement
16769,22-10-2020,Better Opportunity
17759,12-08-2017,Relocation
32549,03-10-2023,Personal Reasons
37029,03-11-2024,Retirement
163,22-09-2024,Personal Reasons
7618,06-07-2021,Better Opportunity
30193,06-09-2025,Better Opportunity
9546,22-11-2023,Personal Reasons
39078,13-12-2020,Better Opportunity
5785,01-08-2020,Personal Reasons
43958,04-12-2017,Unknown
15198,10-04-2023,Relocation
38165,02-03-2024,Personal Reasons
13619,13-06-2025,Unknown
41253,09-12-2022,Personal Reasons
21584,29-11-2021,Unknown
32101,25-10-2023,Personal Reasons
49090,27-09-2021,Unknown
11388,24-06-2021,Better Opportunity
39614,06-09-2023,Personal Reasons
12365,15-04-2023,Relocation
21586,02-05-2023,Unknown
41828,25-05-2025,Personal Reasons
13409,16-05-2025,Better Opportunity
10055,16-09-2018,Better Opportunity
29691,23-09-2025,Unknown
35536,22-09-2025,Relocation
23179,21-06-2023,Better Opportunity
3399,04-04-2021,Better Opportunity
10926,01-10-2025,Relocation
3959,07-03-2023,Relocation
9889,03-07-2025,Retirement
47439,18-03-2024,Personal Reasons
44609,22-07-2025,Unknown
48928,07-04-2024,Unknown
13156,03-10-2022,Personal Reasons
26059,07-02-2024,Unknown
46523,28-09-2025,Retirement
27567,26-04-2025,Personal Reasons
8873,05-04-2023,Unknown
39816,05-08-2018,Unknown
43701,09-04-2024,Relocation
20054,05-03-2025,Better Opportunity
40312,19-09-2022,Relocation
11752,29-06-2024,Better Opportunity
2932,23-02-2022,Personal Reasons
15899,26-10-2018,Relocation
18227,27-08-2021,Personal Reasons
14940,18-05-2025,Personal Reasons
42850,10-02-2019,Personal Reasons
19617,11-11-2023,Personal Reasons
27207,07-10-2025,Relocation
25976,17-04-2024,Unknown
27212,20-11-2022,Retirement
17000,31-08-2021,Personal Reasons
24940,25-04-2025,Better Opportunity
34028,02-08-2025,Better Opportunity
15651,02-07-2024,Unknown
37375,14-09-2025,Relocation
21333,19-09-2025,Relocation
43009,19-04-2025,Better Opportunity
9655,10-06-2022,Retirement
39562,25-04-2025,Retirement
28151,15-02-2024,Relocation
35230,21-12-2019,Retirement
15788,15-12-2024,Better Opportunity
41845,22-10-2021,Relocation
38118,26-09-2024,Unknown
43221,19-12-2018,Unknown
31273,22-01-2024,Relocation
31720,20-11-2017,Better Opportunity
2174,22-02-2025,Relocation
14842,29-06-2025,Better Opportunity
9332,09-06-2025,Unknown
10329,01-09-2025,Relocation
44998,13-05-2020,Unknown
45342,26-11-2021,Unknown
3017,23-04-2025,Better Opportunity
40676,19-02-2022,Relocation
5080,07-09-2025,Retirement
35113,29-12-2022,Better Opportunity
40137,26-10-2024,Personal Reasons
15416,19-12-2022,Better Opportunity
17971,02-06-2022,Retirement
17590,26-04-2025,Personal Reasons
18499,30-09-2019,Unknown
26606,17-02-2021,Unknown
33001,10-10-2025,Better Opportunity
46464,17-05-2025,Retirement
40742,27-06-2025,Relocation
